-- ============================================================
-- Generated by cellphones_db_scraper.py at 2026-03-25 21:49:22
-- Total products: 69
-- ============================================================

SET NAMES utf8mb4;
SET FOREIGN_KEY_CHECKS = 0;
-- ===================== products =====================
INSERT INTO products (id, name, description, detail, summary, category, price, brand, created_at, updated_at)
VALUES
  (15, 'iPhone Air 256GB | Chính hãng', NULL, NULL, 'iPhone Air 256GB chính hãng, giá giảm đến 7 triệu, nhiều màu, sẵn hàng tại Việt Nam. Mua ngay tại CellphoneS, trả góp 0% lãi đến 12 tháng', 'dien-thoai', NULL, NULL, '2026-03-25 21:49:22', '2026-03-25 21:49:22'),
  (16, 'iPhone 15 128GB | Chính hãng VN/A', NULL, NULL, 'Mua iPhone 15 thường 128GB chính hãng VN/A - giá rẻ giảm sâu tháng 03/2026, trợ giá thu cũ lên đời 4 triệu, sẵn hàng đủ màu, trả góp 0% không trả trước.', 'dien-thoai', NULL, NULL, '2026-03-25 21:49:22', '2026-03-25 21:49:22'),
  (17, 'Xiaomi Redmi Note 14 Pro Plus 5G 8GB 256GB', NULL, NULL, 'Xiaomi Redmi Note 14 Pro Plus giá rẻ nhất, giảm 3,59TR, pin 6200mAh lớn, chính hãng, sẵn hàng - Mua Redmi note 14 Pro | Pro+ 5G ngay', 'dien-thoai', NULL, NULL, '2026-03-25 21:49:22', '2026-03-25 21:49:22'),
  (18, 'Xiaomi 17 Ultra 5G 16GB 512GB', NULL, NULL, 'Xiaomi 17 Ultra dùng chip Snapdragon 8 Elite Gen 5, pin 6000mAh, sạc 90W, camera zoom 200MP. Mua Xiaomi 17 Ultra 16GB/512GB tại CellphoneS.', 'dien-thoai', NULL, NULL, '2026-03-25 21:49:22', '2026-03-25 21:49:22'),
  (19, 'Samsung Galaxy A07 4GB 128GB', NULL, NULL, 'Mua điện thoại Samsung Galaxy A07 $GB 128GB giá tốt, trợ giá thu cũ, trả góp 0%, bảo hành chính hãng, giảm thêm Smember. Mua Galaxy A07 ngay.', 'dien-thoai', NULL, NULL, '2026-03-25 21:49:22', '2026-03-25 21:49:22'),
  (20, 'OPPO Find N6 16GB 512GB', NULL, NULL, 'OPPO Find N6 sở hữu chip Snapdragon 8 Elite Gen 5 tân tiến, camera 200MP, hỗ trợ bút AI. Nhận quà 15 triệu, trả góp 0%, mua giao ngay 2h!', 'dien-thoai', NULL, NULL, '2026-03-25 21:49:22', '2026-03-25 21:49:22'),
  (21, 'POCO X8 Pro Max 12GB 256GB', NULL, NULL, 'Poco X8 Pro Max 12GB/256GB: Chip Dimensity 9500s, pin 8.500mAh, sạc 100W,  màn 6.83 inch. Mua ngay Poco X8 Pro Max giá rẻ tại CellphoneS.', 'dien-thoai', NULL, NULL, '2026-03-25 21:49:22', '2026-03-25 21:49:22'),
  (22, 'Samsung Galaxy S26 Ultra 12GB 512GB', NULL, NULL, 'Mua Samsung Galaxy S26 Ultra 512GB chính hãng giá rẻ - Giảm đến 16,5 triệu, Trợ giá lên đời tặng BHMR 12 tháng, Sim data. Mua S26 Ultra 512GB tại đây.', 'dien-thoai', NULL, NULL, '2026-03-25 21:49:22', '2026-03-25 21:49:22'),
  (23, 'HONOR X9d 12GB 512GB', NULL, NULL, 'Điện thoại Honor X9d chính hãng giá rẻ - Thu cũ đổi mới trợ giá 1tr. Tặng Honor Ultimate Care bảo hành 24 tháng, đổi mới 100 ngày, trả góp 0%.', 'dien-thoai', NULL, NULL, '2026-03-25 21:49:22', '2026-03-25 21:49:22'),
  (24, 'Nothing Phone 2A Plus 5G 12GB 256GB', NULL, NULL, 'Điện thoại Nothing Phone 2A Plus chính hãng, BH 12 tháng, lỗi 1 đổi 1 trong 3 tháng, trả góp 0%. Mua ngay Nothing Phone 2A Plus giao hàng nhanh.', 'dien-thoai', NULL, NULL, '2026-03-25 21:49:22', '2026-03-25 21:49:22'),
  (25, 'Tecno Pova 7 8GB 128GB', NULL, NULL, 'Điện thoại Tecno Pova 7 chính hãng giá rẻ, giảm thẳng 500.000đ, thu cũ đổi mới, bảo hành 12 tháng, đổi mới 30 ngày, trả góp 0%. Mua ngay Pova 7 tại đây.', 'dien-thoai', NULL, NULL, '2026-03-25 21:49:22', '2026-03-25 21:49:22'),
  (26, 'Tecno Pova 7 8GB 256GB', NULL, NULL, 'Mua TECNO POVA 7 8GB 256GB giá rẻ - Hỗ trợ trả góp 0%, đổi mới 30 ngày, bảo hành chính hãng, giao hàng tận nơi miễn phí.', 'dien-thoai', NULL, NULL, '2026-03-25 21:49:22', '2026-03-25 21:49:22'),
  (27, 'iPhone 17 Pro 256GB | Chính hãng', NULL, NULL, 'iPhone 17 Pro (256GB, 512GB, 1TB) giá tốt, chip A19 Pro, màu cam đẹp. thu cũ trợ giá giảm đến 7,5 triệu, trả góp 0% 12 tháng - Mua ip17pro ngay!', 'dien-thoai', NULL, NULL, '2026-03-25 21:49:22', '2026-03-25 21:49:22'),
  (28, 'iPhone 17 Pro Max 256GB | Chính hãng', NULL, NULL, 'Điện thoại iPhone 17 Pro Max 256GB/ 512GB/ 1TB/ 2TB - Kích thước màn hình. 6.9 inches, giá dao động từ 34 triệu, pin trâu 37h - Mua 17 promax ngay', 'dien-thoai', NULL, NULL, '2026-03-25 21:49:22', '2026-03-25 21:49:22'),
  (29, 'Samsung Galaxy S26 Ultra 12GB 256GB', NULL, NULL, 'Samsung Galaxy S26 Ultra 12GB/256GB giảm đến 8 triệu, thu cũ trợ giá 5 triệu, trả góp 0% lãi suất, giao toàn quốc. Xem thêm giá S26 Ultra tại đây.', 'dien-thoai', NULL, NULL, '2026-03-25 21:49:22', '2026-03-25 21:49:22'),
  (30, 'iPhone 17 256GB | Chính hãng', NULL, NULL, 'iPhone 17 thường 256GB - Số 1 thu cũ, ưu đãi 5 triệu, thanh toán ngân hàng giảm 2 triệu - Mua iPhone 17 256gb giá tốt ngay', 'dien-thoai', NULL, NULL, '2026-03-25 21:49:22', '2026-03-25 21:49:22'),
  (31, 'Samsung Galaxy S25 Ultra 12GB 256GB', NULL, NULL, 'Samsung S25 Ultra giảm giá sốc 5 triệu, chip Snapdragon 8 Elite For Galaxy mạnh, chính hãng, camera sắc nét. Mua ngay S25 Ultra 5G tại đây.', 'dien-thoai', NULL, NULL, '2026-03-25 21:49:22', '2026-03-25 21:49:22'),
  (32, 'Điện thoại iPhone 16 Pro Max 256GB', NULL, NULL, 'Giá iPhone 16 Pro Max mới, ưu đãi trả góp 0%, trả trước 0 đồng, giảm đến 7,5 triệu, trợ giá lên đời 3 triệu - Mua Apple iPhone 16 Pro Max ngay', 'dien-thoai', NULL, NULL, '2026-03-25 21:49:22', '2026-03-25 21:49:22'),
  (33, 'OPPO Reno15 F 5G 8GB 256GB', NULL, NULL, 'OPPO Reno15 F 5G màn hình 6.57 inch, pin 7000mAh. Giá 11.990.000đ, trả góp 0%, quà 4 triệu, thu cũ trợ giá 2 triệu. Mua ngay tại CellphoneS!', 'dien-thoai', NULL, NULL, '2026-03-25 21:49:22', '2026-03-25 21:49:22'),
  (34, 'Samsung Galaxy S26 12GB 256GB', NULL, NULL, 'Mua Samsung Galaxy S26 12GB 256GB chính hãng giá rẻ - Thu cũ đổi mới, bảo hành 12 tháng, đổi mới 30 ngày, trả góp 0%. Mua ngay Samsung Galaxy S26 12GB 256GB tại đây.', 'dien-thoai', NULL, NULL, '2026-03-25 21:49:22', '2026-03-25 21:49:22'),
  (35, 'HONOR X8d 8GB 128GB', NULL, NULL, 'HONOR X8d 8GB 128GB màn hình 6.77", mỏng nhẹ 7.5mm, pin 7.000 mAh. Giá 7.79 triệu, góp 0%, trợ giá thu cũ 1 triệu. Mua ngay tại CellphoneS!', 'dien-thoai', NULL, NULL, '2026-03-25 21:49:22', '2026-03-25 21:49:22'),
  (36, 'Xiaomi 14T Pro 12GB 512GB', NULL, NULL, 'Giá Xiaomi 14T Pro 512gb chỉ 14Tr890 - Hiệu năng mạnh với chip MediaTek Dimensity 9300+, camera 50mp, pin 5000mah. Mua Mi 14T Pro tại đây.', 'dien-thoai', NULL, NULL, '2026-03-25 21:49:22', '2026-03-25 21:49:22'),
  (37, 'OPPO Reno15 5G 12GB 256GB', NULL, NULL, 'OPPO Reno15 5G 12GB/256GB màn hình 6.59", chip Dimensity 8450, pin 6200mAh. Giá 16.990.000đ, trả góp 0%, quà 4 triệu, tặng loa. Mua ngay!', 'dien-thoai', NULL, NULL, '2026-03-25 21:49:22', '2026-03-25 21:49:22'),
  (38, 'iPhone Air 256GB | Chính hãng', NULL, NULL, 'iPhone Air 256GB chính hãng, giá giảm đến 7 triệu, nhiều màu, sẵn hàng tại Việt Nam. Mua ngay tại CellphoneS, trả góp 0% lãi đến 12 tháng', 'dien-thoai', NULL, NULL, '2026-03-25 21:49:22', '2026-03-25 21:49:22'),
  (39, 'iPhone 15 128GB | Chính hãng VN/A', NULL, NULL, 'Mua iPhone 15 thường 128GB chính hãng VN/A - giá rẻ giảm sâu tháng 03/2026, trợ giá thu cũ lên đời 4 triệu, sẵn hàng đủ màu, trả góp 0% không trả trước.', 'dien-thoai', NULL, NULL, '2026-03-25 21:49:22', '2026-03-25 21:49:22'),
  (40, 'Xiaomi Redmi Note 14 Pro Plus 5G 8GB 256GB', NULL, NULL, 'Xiaomi Redmi Note 14 Pro Plus giá rẻ nhất, giảm 3,59TR, pin 6200mAh lớn, chính hãng, sẵn hàng - Mua Redmi note 14 Pro | Pro+ 5G ngay', 'dien-thoai', NULL, NULL, '2026-03-25 21:49:22', '2026-03-25 21:49:22')
-- ===================== product_images =====================
 INSERT INTO product_images (product_id, image_url)
VALUES
  (15, 'https://cdn2.cellphones.com.vn/insecure/rs:fill:358:358/q:90/plain/https://cellphones.com.vn/media/catalog/product/i/p/iphone_air-3_2.jpg'),
  (15, 'https://cdn2.cellphones.com.vn/358x/media/wysiwyg/placehoder.png'),
  (16, 'https://cdn2.cellphones.com.vn/insecure/rs:fill:358:358/q:90/plain/https://cellphones.com.vn/media/catalog/product/i/p/iphone-15-plus_1__1.png'),
  (16, 'https://cdn2.cellphones.com.vn/358x/media/wysiwyg/placehoder.png'),
  (17, 'https://cdn2.cellphones.com.vn/insecure/rs:fill:358:358/q:90/plain/https://cellphones.com.vn/media/catalog/product/x/i/xiaomi-redmi-note-14-pro-plus.jpg'),
  (17, 'https://cdn2.cellphones.com.vn/358x/media/wysiwyg/placehoder.png'),
  (18, 'https://cdn2.cellphones.com.vn/insecure/rs:fill:358:358/q:90/plain/https://cellphones.com.vn/media/catalog/product/d/i/dien-thoai-xiaomi-17-ultra-den.jpg'),
  (18, 'https://cdn2.cellphones.com.vn/358x/media/wysiwyg/placehoder.png'),
  (19, 'https://cdn2.cellphones.com.vn/insecure/rs:fill:358:358/q:90/plain/https://cellphones.com.vn/media/catalog/product/s/a/samsung-galaxy-a07-black.jpg'),
  (19, 'https://cdn2.cellphones.com.vn/358x/media/wysiwyg/placehoder.png'),
  (20, 'https://cdn2.cellphones.com.vn/insecure/rs:fill:358:358/q:90/plain/https://cellphones.com.vn/media/catalog/product/o/p/oppo-find-n6-0.jpg'),
  (21, 'https://cdn2.cellphones.com.vn/insecure/rs:fill:358:358/q:90/plain/https://cellphones.com.vn/media/catalog/product/x/i/xiaomi-poco-x8-pro-max_2.jpg'),
  (21, 'https://cdn2.cellphones.com.vn/358x/media/wysiwyg/placehoder.png'),
  (22, 'https://cdn2.cellphones.com.vn/insecure/rs:fill:358:358/q:90/plain/https://cellphones.com.vn/media/catalog/product/s/a/samsung-galaxy-s26-ultra_1.jpg'),
  (22, 'https://cdn2.cellphones.com.vn/358x/media/wysiwyg/placehoder.png'),
  (23, 'https://cdn2.cellphones.com.vn/insecure/rs:fill:358:358/q:90/plain/https://cellphones.com.vn/media/catalog/product/d/i/dien-thoai-honor-x9d-3_1.jpg'),
  (23, 'https://cdn2.cellphones.com.vn/358x/media/wysiwyg/placehoder.png'),
  (24, 'https://cdn2.cellphones.com.vn/insecure/rs:fill:358:358/q:90/plain/https://cellphones.com.vn/media/catalog/product/d/i/dien-thoai-nothing-phone-2a-plus_1_.png'),
  (24, 'https://cdn2.cellphones.com.vn/358x/media/wysiwyg/placehoder.png'),
  (25, 'https://cdn2.cellphones.com.vn/insecure/rs:fill:358:358/q:90/plain/https://cellphones.com.vn/media/catalog/product/d/i/dien-thoai-tecno-pova-7_8_.png'),
  (25, 'https://cdn2.cellphones.com.vn/358x/media/wysiwyg/placehoder.png'),
  (26, 'https://cdn2.cellphones.com.vn/insecure/rs:fill:358:358/q:90/plain/https://cellphones.com.vn/media/catalog/product/d/i/dien-thoai-tecno-pova-7-256gb_13_.png'),
  (26, 'https://cdn2.cellphones.com.vn/358x/media/wysiwyg/placehoder.png'),
  (27, 'https://cdn2.cellphones.com.vn/insecure/rs:fill:358:358/q:90/plain/https://cellphones.com.vn/media/catalog/product/i/p/iphone-17-pro-256-gb.png'),
  (27, 'https://cdn2.cellphones.com.vn/358x/media/wysiwyg/placehoder.png'),
  (28, 'https://cdn2.cellphones.com.vn/insecure/rs:fill:358:358/q:90/plain/https://cellphones.com.vn/media/catalog/product/i/p/iphone-17-pro-max_3.jpg'),
  (28, 'https://cdn2.cellphones.com.vn/358x/media/wysiwyg/placehoder.png'),
  (29, 'https://cdn2.cellphones.com.vn/insecure/rs:fill:358:358/q:90/plain/https://cellphones.com.vn/media/catalog/product/s/a/samsung-galaxy-s26-ultra-1.jpg'),
  (29, 'https://cdn2.cellphones.com.vn/358x/media/wysiwyg/placehoder.png'),
  (30, 'https://cdn2.cellphones.com.vn/insecure/rs:fill:358:358/q:90/plain/https://cellphones.com.vn/media/catalog/product/i/p/iphone_17_256gb-3_2.jpg'),
  (30, 'https://cdn2.cellphones.com.vn/358x/media/wysiwyg/placehoder.png'),
  (31, 'https://cdn2.cellphones.com.vn/insecure/rs:fill:358:358/q:90/plain/https://cellphones.com.vn/media/catalog/product/d/i/dien-thoai-samsung-galaxy-s25-ultra_3__3.png'),
  (31, 'https://cdn2.cellphones.com.vn/358x/media/wysiwyg/placehoder.png'),
  (32, 'https://cdn2.cellphones.com.vn/insecure/rs:fill:358:358/q:90/plain/https://cellphones.com.vn/media/catalog/product/i/p/iphone-16-pro-max.png'),
  (32, 'https://cdn2.cellphones.com.vn/358x/media/wysiwyg/placehoder.png'),
  (33, 'https://cdn2.cellphones.com.vn/insecure/rs:fill:358:358/q:90/plain/https://cellphones.com.vn/media/catalog/product/o/p/oppo-reno15f-5g.jpg'),
  (33, 'https://cdn2.cellphones.com.vn/358x/media/wysiwyg/placehoder.png'),
  (34, 'https://cdn2.cellphones.com.vn/insecure/rs:fill:358:358/q:90/plain/https://cellphones.com.vn/media/catalog/product/s/a/samsung-galaxy-s26-10.jpg'),
  (34, 'https://cdn2.cellphones.com.vn/358x/media/wysiwyg/placehoder.png'),
  (35, 'https://cdn2.cellphones.com.vn/insecure/rs:fill:358:358/q:90/plain/https://cellphones.com.vn/media/catalog/product/h/o/honor-x8d-2.jpg'),
  (35, 'https://cdn2.cellphones.com.vn/358x/media/wysiwyg/placehoder.png'),
  (36, 'https://cdn2.cellphones.com.vn/insecure/rs:fill:358:358/q:90/plain/https://cellphones.com.vn/media/catalog/product/x/i/xiaomi_14t_pro_1_.png'),
  (36, 'https://cdn2.cellphones.com.vn/358x/media/wysiwyg/placehoder.png'),
  (37, 'https://cdn2.cellphones.com.vn/insecure/rs:fill:358:358/q:90/plain/https://cellphones.com.vn/media/catalog/product/o/p/oppo-reno15-5g-9.jpg'),
  (37, 'https://cdn2.cellphones.com.vn/358x/media/wysiwyg/placehoder.png'),
  (38, 'https://cdn2.cellphones.com.vn/insecure/rs:fill:358:358/q:90/plain/https://cellphones.com.vn/media/catalog/product/i/p/iphone_air-3_2.jpg'),
  (38, 'https://cdn2.cellphones.com.vn/358x/media/wysiwyg/placehoder.png'),
  (39, 'https://cdn2.cellphones.com.vn/insecure/rs:fill:358:358/q:90/plain/https://cellphones.com.vn/media/catalog/product/i/p/iphone-15-plus_1__1.png'),
  (39, 'https://cdn2.cellphones.com.vn/358x/media/wysiwyg/placehoder.png'),
  (40, 'https://cdn2.cellphones.com.vn/insecure/rs:fill:358:358/q:90/plain/https://cellphones.com.vn/media/catalog/product/x/i/xiaomi-redmi-note-14-pro-plus.jpg'),
  (40, 'https://cdn2.cellphones.com.vn/358x/media/wysiwyg/placehoder.png'),
 

-- ===================== inventory =====================
INSERT INTO inventory (product_id, quantity, updated_at)
VALUES
  (1, 50, '2026-03-25 21:49:22'),
  (2, 50, '2026-03-25 21:49:22'),
  (3, 50, '2026-03-25 21:49:22'),
  (4, 50, '2026-03-25 21:49:22'),
  (5, 50, '2026-03-25 21:49:22'),
  (6, 50, '2026-03-25 21:49:22'),
  (7, 50, '2026-03-25 21:49:22'),
  (8, 50, '2026-03-25 21:49:22'),
  (9, 50, '2026-03-25 21:49:22'),
  (10, 50, '2026-03-25 21:49:22'),
  (11, 50, '2026-03-25 21:49:22'),
  (12, 50, '2026-03-25 21:49:22'),
  (13, 50, '2026-03-25 21:49:22'),
  (14, 50, '2026-03-25 21:49:22'),
  (15, 50, '2026-03-25 21:49:22'),
  (16, 50, '2026-03-25 21:49:22'),
  (17, 50, '2026-03-25 21:49:22'),
  (18, 50, '2026-03-25 21:49:22'),
  (19, 50, '2026-03-25 21:49:22'),
  (20, 50, '2026-03-25 21:49:22'),
  (21, 50, '2026-03-25 21:49:22'),
  (22, 50, '2026-03-25 21:49:22'),
  (23, 50, '2026-03-25 21:49:22'),
  (24, 50, '2026-03-25 21:49:22'),
  (25, 50, '2026-03-25 21:49:22'),
  (26, 50, '2026-03-25 21:49:22'),
  (27, 50, '2026-03-25 21:49:22'),
  (28, 50, '2026-03-25 21:49:22'),
  (29, 50, '2026-03-25 21:49:22'),
  (30, 50, '2026-03-25 21:49:22'),
  (31, 50, '2026-03-25 21:49:22'),
  (32, 50, '2026-03-25 21:49:22'),
  (33, 50, '2026-03-25 21:49:22'),
  (34, 50, '2026-03-25 21:49:22'),
  (35, 50, '2026-03-25 21:49:22'),
  (36, 50, '2026-03-25 21:49:22'),
  (37, 50, '2026-03-25 21:49:22'),
  (38, 50, '2026-03-25 21:49:22'),
  (39, 50, '2026-03-25 21:49:22'),
  (40, 50, '2026-03-25 21:49:22'),
  (41, 50, '2026-03-25 21:49:22'),
  (42, 50, '2026-03-25 21:49:22'),
  (43, 50, '2026-03-25 21:49:22'),
  (44, 50, '2026-03-25 21:49:22'),
  (45, 50, '2026-03-25 21:49:22'),
  (46, 50, '2026-03-25 21:49:22'),
  (47, 50, '2026-03-25 21:49:22'),
  (48, 50, '2026-03-25 21:49:22'),
  (49, 50, '2026-03-25 21:49:22'),
  (50, 50, '2026-03-25 21:49:22'),
  (51, 50, '2026-03-25 21:49:22'),
  (52, 50, '2026-03-25 21:49:22'),
  (53, 50, '2026-03-25 21:49:22'),
  (54, 50, '2026-03-25 21:49:22'),
  (55, 50, '2026-03-25 21:49:22'),
  (56, 50, '2026-03-25 21:49:22'),
  (57, 50, '2026-03-25 21:49:22'),
  (58, 50, '2026-03-25 21:49:22'),
  (59, 50, '2026-03-25 21:49:22'),
  (60, 50, '2026-03-25 21:49:22'),
  (61, 50, '2026-03-25 21:49:22'),
  (62, 50, '2026-03-25 21:49:22'),
  (63, 50, '2026-03-25 21:49:22'),
  (64, 50, '2026-03-25 21:49:22'),
  (65, 50, '2026-03-25 21:49:22'),
  (66, 50, '2026-03-25 21:49:22'),
  (67, 50, '2026-03-25 21:49:22'),
  (68, 50, '2026-03-25 21:49:22'),
  (69, 50, '2026-03-25 21:49:22');

SET FOREIGN_KEY_CHECKS = 1;