-- Auto-generated by cellphones_full_ecommerce_pipeline.py
-- Source: https://cellphones.com.vn
-- Generated at: 2026-03-28 22:45:01
SET NAMES utf8mb4;
SET FOREIGN_KEY_CHECKS = 0;

-- users: 20 rows
INSERT INTO users (id, username, email, password, first_name, last_name, phone, avt_url, role, status, email_verified, last_login, created_at, updated_at) VALUES
(1, 'customer_0001', 'customer_0001@example.com', '$2b$12$abcdefghijklmnopqrstuv1234567890abcdefghi', 'User1', 'Demo', '0900000001', '', 'CUSTOMER', 'ACTIVE', 1, '2026-03-28 22:45:01', '2026-03-28 22:45:01', '2026-03-28 22:45:01'),
(2, 'customer_0002', 'customer_0002@example.com', '$2b$12$abcdefghijklmnopqrstuv1234567890abcdefghi', 'User2', 'Demo', '0900000002', '', 'CUSTOMER', 'ACTIVE', 1, '2026-03-28 22:45:01', '2026-03-28 22:45:01', '2026-03-28 22:45:01'),
(3, 'customer_0003', 'customer_0003@example.com', '$2b$12$abcdefghijklmnopqrstuv1234567890abcdefghi', 'User3', 'Demo', '0900000003', '', 'CUSTOMER', 'ACTIVE', 1, '2026-03-28 22:45:01', '2026-03-28 22:45:01', '2026-03-28 22:45:01'),
(4, 'customer_0004', 'customer_0004@example.com', '$2b$12$abcdefghijklmnopqrstuv1234567890abcdefghi', 'User4', 'Demo', '0900000004', '', 'CUSTOMER', 'ACTIVE', 1, '2026-03-28 22:45:01', '2026-03-28 22:45:01', '2026-03-28 22:45:01'),
(5, 'customer_0005', 'customer_0005@example.com', '$2b$12$abcdefghijklmnopqrstuv1234567890abcdefghi', 'User5', 'Demo', '0900000005', '', 'CUSTOMER', 'ACTIVE', 1, '2026-03-28 22:45:01', '2026-03-28 22:45:01', '2026-03-28 22:45:01'),
(6, 'customer_0006', 'customer_0006@example.com', '$2b$12$abcdefghijklmnopqrstuv1234567890abcdefghi', 'User6', 'Demo', '0900000006', '', 'CUSTOMER', 'ACTIVE', 1, '2026-03-28 22:45:01', '2026-03-28 22:45:01', '2026-03-28 22:45:01'),
(7, 'customer_0007', 'customer_0007@example.com', '$2b$12$abcdefghijklmnopqrstuv1234567890abcdefghi', 'User7', 'Demo', '0900000007', '', 'CUSTOMER', 'ACTIVE', 1, '2026-03-28 22:45:01', '2026-03-28 22:45:01', '2026-03-28 22:45:01'),
(8, 'customer_0008', 'customer_0008@example.com', '$2b$12$abcdefghijklmnopqrstuv1234567890abcdefghi', 'User8', 'Demo', '0900000008', '', 'CUSTOMER', 'ACTIVE', 1, '2026-03-28 22:45:01', '2026-03-28 22:45:01', '2026-03-28 22:45:01'),
(9, 'customer_0009', 'customer_0009@example.com', '$2b$12$abcdefghijklmnopqrstuv1234567890abcdefghi', 'User9', 'Demo', '0900000009', '', 'CUSTOMER', 'ACTIVE', 1, '2026-03-28 22:45:01', '2026-03-28 22:45:01', '2026-03-28 22:45:01'),
(10, 'customer_0010', 'customer_0010@example.com', '$2b$12$abcdefghijklmnopqrstuv1234567890abcdefghi', 'User10', 'Demo', '0900000010', '', 'CUSTOMER', 'ACTIVE', 1, '2026-03-28 22:45:01', '2026-03-28 22:45:01', '2026-03-28 22:45:01'),
(11, 'customer_0011', 'customer_0011@example.com', '$2b$12$abcdefghijklmnopqrstuv1234567890abcdefghi', 'User11', 'Demo', '0900000011', '', 'CUSTOMER', 'ACTIVE', 1, '2026-03-28 22:45:01', '2026-03-28 22:45:01', '2026-03-28 22:45:01'),
(12, 'customer_0012', 'customer_0012@example.com', '$2b$12$abcdefghijklmnopqrstuv1234567890abcdefghi', 'User12', 'Demo', '0900000012', '', 'CUSTOMER', 'ACTIVE', 1, '2026-03-28 22:45:01', '2026-03-28 22:45:01', '2026-03-28 22:45:01'),
(13, 'customer_0013', 'customer_0013@example.com', '$2b$12$abcdefghijklmnopqrstuv1234567890abcdefghi', 'User13', 'Demo', '0900000013', '', 'CUSTOMER', 'ACTIVE', 1, '2026-03-28 22:45:01', '2026-03-28 22:45:01', '2026-03-28 22:45:01'),
(14, 'customer_0014', 'customer_0014@example.com', '$2b$12$abcdefghijklmnopqrstuv1234567890abcdefghi', 'User14', 'Demo', '0900000014', '', 'CUSTOMER', 'ACTIVE', 1, '2026-03-28 22:45:01', '2026-03-28 22:45:01', '2026-03-28 22:45:01'),
(15, 'customer_0015', 'customer_0015@example.com', '$2b$12$abcdefghijklmnopqrstuv1234567890abcdefghi', 'User15', 'Demo', '0900000015', '', 'CUSTOMER', 'ACTIVE', 1, '2026-03-28 22:45:01', '2026-03-28 22:45:01', '2026-03-28 22:45:01'),
(16, 'customer_0016', 'customer_0016@example.com', '$2b$12$abcdefghijklmnopqrstuv1234567890abcdefghi', 'User16', 'Demo', '0900000016', '', 'CUSTOMER', 'ACTIVE', 1, '2026-03-28 22:45:01', '2026-03-28 22:45:01', '2026-03-28 22:45:01'),
(17, 'customer_0017', 'customer_0017@example.com', '$2b$12$abcdefghijklmnopqrstuv1234567890abcdefghi', 'User17', 'Demo', '0900000017', '', 'CUSTOMER', 'ACTIVE', 1, '2026-03-28 22:45:01', '2026-03-28 22:45:01', '2026-03-28 22:45:01'),
(18, 'customer_0018', 'customer_0018@example.com', '$2b$12$abcdefghijklmnopqrstuv1234567890abcdefghi', 'User18', 'Demo', '0900000018', '', 'CUSTOMER', 'ACTIVE', 1, '2026-03-28 22:45:01', '2026-03-28 22:45:01', '2026-03-28 22:45:01'),
(19, 'customer_0019', 'customer_0019@example.com', '$2b$12$abcdefghijklmnopqrstuv1234567890abcdefghi', 'User19', 'Demo', '0900000019', '', 'CUSTOMER', 'ACTIVE', 1, '2026-03-28 22:45:01', '2026-03-28 22:45:01', '2026-03-28 22:45:01'),
(20, 'customer_0020', 'customer_0020@example.com', '$2b$12$abcdefghijklmnopqrstuv1234567890abcdefghi', 'User20', 'Demo', '0900000020', '', 'CUSTOMER', 'ACTIVE', 1, '2026-03-28 22:45:01', '2026-03-28 22:45:01', '2026-03-28 22:45:01');

-- products: 4 rows
INSERT INTO products (id, name, description, detail, summary, category, price, brand, promotion, created_at, updated_at) VALUES
(1, 'Apple Watch Ultra 2 2024 49mm 4G Viền Titan Dây Cao Su - Cũ Xước Cấn', 'Mua Apple Watch Ultra 2 2024 49mm Viền Titan Dây Cao Su cũ giá rẻ - Nguồn gốc rõ ràng, bảo hành 6-12 tháng, đổi mới 30 ngày, luôn xuất bán đầy đủ VAT.', '- Công nghệ màn hình: Retina LTPO2 OLEDĐộ sáng 3000 nit
- Kích thước màn hình: 1185 mm
- Đường kính mặt: 49 mm
- Kích thước cổ tay phù hợp: 13 – 20 cm
- Nghe,gọi: Nghe gọi qua eSim
- Tiện ích sức khoẻ: Chế độ luyện tập, Theo dõi giấc ngủ, Đo nhịp tim, Đo lượng oxy trong máu, Đếm bước chân, Tính calo tiêu thụ, Tính quãng đường chạy, Đo mức độ stress, Cảm biến nhiệt độ, Phát hiện té ngã, Cảnh báo nhịp tim bất thường, Đo điện tâm đồ, Đo VO2 max (Đo lượng tiêu thụ oxy tối đa), Theo dõi chu kỳ
- Tương thích: iOS 18 trở lên
- Thời lượng pin: Lên đến 36 giờ khi sử dụng bình thườngLên đến 72 giờ ở Chế Độ Nguồn Điện Thấp
- Hãng sản xuất: Apple Chính hãng', 'Mua Apple Watch Ultra 2 2024 49mm Viền Titan Dây Cao Su cũ giá rẻ - Nguồn gốc rõ ràng, bảo hành 6-12 tháng, đổi mới 30 ngày, luôn xuất bán đầy đủ VAT.', 'Khác', 13690000, 'Apple Chính hãng', 2, '2026-03-28 22:45:01', '2026-03-28 22:45:01'),
(2, 'Bàn di chuột Asus Rog Strix Edge', 'Mua Bàn di chuột Asus Rog Strix Edge chính hãng - Giá rẻ, đảm bảo chất lượng, độ bền cao, hỗ trợ giao hàng tận nơi toàn quốc.', '- Hãng sản xuất: ASUS
- Chất liệu: VảiCao su', 'Mua Bàn di chuột Asus Rog Strix Edge chính hãng - Giá rẻ, đảm bảo chất lượng, độ bền cao, hỗ trợ giao hàng tận nơi toàn quốc.', 'Phụ kiện', 350000, 'ASUS', 2, '2026-03-28 22:45:01', '2026-03-28 22:45:01'),
(3, 'Bàn phím cơ có dây E-Dra EK316 đen', 'Mua Bàn phím cơ có dây E-Dra EK316 đen chính hãng - Giá rẻ, đảm bảo chất lượng, độ bền cao, hỗ trợ giao hàng tận nơi toàn quốc.', '- Loại bàn phím: Full-size
- Số phím: 104 phím
- Tương thích: Windows
- Kết nối: Dây USB-A
- Khoảng cách kết nối (Độ dài dây): 1.5 mét
- Đèn LED: LED Rainbow
- Hãng sản xuất: E-dra', 'Mua Bàn phím cơ có dây E-Dra EK316 đen chính hãng - Giá rẻ, đảm bảo chất lượng, độ bền cao, hỗ trợ giao hàng tận nơi toàn quốc.', 'Phụ kiện', 590000, 'E-dra', 2, '2026-03-28 22:45:01', '2026-03-28 22:45:01'),
(4, 'Bàn phím cơ có dây Rapoo V501-87 đen xám cam', 'Mua ngay Bàn phím cơ có dây Rapoo V501-87 đen xám cam chính hãng, giá ưu đãi, bảo hành chính hãng, miễn phí giao hàng tận nơi.', '- Loại bàn phím: Tenkeylesss 80%
- Số phím: 87 Phím
- Phím đặc biệt: Phím MultimediaKnob xoay
- Tương thích: Windows 10/11
- Kết nối: Kết nối có dây USB
- Đèn LED: LED RGB, 20 chế độ khác nhau
- Hãng sản xuất: Rapoo', 'Mua ngay Bàn phím cơ có dây Rapoo V501-87 đen xám cam chính hãng, giá ưu đãi, bảo hành chính hãng, miễn phí giao hàng tận nơi.', 'Phụ kiện', 549000, 'Rapoo', 80, '2026-03-28 22:45:01', '2026-03-28 22:45:01');

-- product_images: 80 rows
INSERT INTO product_images (id, product_id, image_url) VALUES
(1, 1, 'https://cdn2.cellphones.com.vn/200x/media/catalog/product/g/r/group_604_2__2_3_1.png'),
(2, 1, 'https://cdn2.cellphones.com.vn/x/media/wysiwyg/Web/Logo/Logo_CPS.png'),
(3, 1, 'https://cdn2.cellphones.com.vn/x/media/wysiwyg/Web/Logo/Logo-CPS-m.png'),
(4, 1, 'https://cdn2.cellphones.com.vn/insecure/rs:fill:0:80/q:90/plain/https://cellphones.com.vn/media/wysiwyg/chibi2.png'),
(5, 1, 'https://cdn2.cellphones.com.vn/insecure/rs:fill:0:0/q:90/plain/https://cellphones.com.vn/media/wysiwyg/Voucher.gif'),
(6, 1, 'https://cdn2.cellphones.com.vn/358x/media/wysiwyg/placehoder.png'),
(7, 1, 'https://cdn2.cellphones.com.vn/insecure/rs:fill:0:30/q:90/plain/https://cellphones.com.vn/media/wysiwyg/Web/flash_sale/pdp-flashsale-badge.png'),
(8, 1, 'https://cdn2.cellphones.com.vn/insecure/rs:fill:50:50/q:90/plain/https://cellphones.com.vn/media/catalog/product/c/p/cps-25-03_33_.png'),
(9, 1, 'https://cdn2.cellphones.com.vn/insecure/rs:fill:0:0/q:100/plain/https://cellphones.com.vn/media/wysiwyg/DUMT_ZV0.png'),
(10, 1, 'https://cdn2.cellphones.com.vn/insecure/rs:fill:0:0/q:100/plain/https://cellphones.com.vn/media/wysiwyg/Icon/hsbc_icon.png'),
(11, 1, 'https://cdn2.cellphones.com.vn/insecure/rs:fill:0:0/q:100/plain/https://cellphones.com.vn/media/wysiwyg/Icon/vibb_bank.png'),
(12, 1, 'https://cdn2.cellphones.com.vn/insecure/rs:fill:0:0/q:100/plain/https://cellphones.com.vn/media/wysiwyg/Icon/image_1010_1_.png'),
(13, 1, 'https://cdn2.cellphones.com.vn/insecure/rs:fill:0:0/q:100/plain/https://cellphones.com.vn/media/wysiwyg/Icon/image_1747.png'),
(14, 1, 'https://cdn2.cellphones.com.vn/insecure/rs:fill:160:0/q:90/plain/https://cellphones.com.vn/media/wysiwyg/ant-hello-2025.png'),
(15, 1, 'https://cdn2.cellphones.com.vn/insecure/rs:fill:0:0/q:90/plain/https://cellphones.com.vn/media/wysiwyg/ant_sorry.gif'),
(16, 1, 'https://cdn2.cellphones.com.vn/insecure/rs:fill:56:56/q:90/plain/https://cellphones.com.vn/media/catalog/product/g/r/group_604_2__2_3_1.png'),
(17, 1, 'https://cdn2.cellphones.com.vn/x35,webp/media/wysiwyg/apple-pay-og.png'),
(18, 1, 'https://cdn2.cellphones.com.vn/x35,webp/media/logo/payment/vnpay-logo.png'),
(19, 1, 'https://cdn2.cellphones.com.vn/x/media/wysiwyg/momo_1.png'),
(20, 1, 'https://cdn2.cellphones.com.vn/x35,webp/media/logo/payment/onepay-logo.png'),
(21, 2, 'https://cdn2.cellphones.com.vn/200x/media/catalog/product/b/a/ban-di-chuot-asus-rog-strix-edge_1_.png'),
(22, 2, 'https://cdn2.cellphones.com.vn/x/media/wysiwyg/Web/Logo/Logo_CPS.png'),
(23, 2, 'https://cdn2.cellphones.com.vn/x/media/wysiwyg/Web/Logo/Logo-CPS-m.png'),
(24, 2, 'https://cdn2.cellphones.com.vn/insecure/rs:fill:0:80/q:90/plain/https://cellphones.com.vn/media/wysiwyg/chibi2.png'),
(25, 2, 'https://cdn2.cellphones.com.vn/insecure/rs:fill:0:0/q:90/plain/https://cellphones.com.vn/media/wysiwyg/Voucher.gif'),
(26, 2, 'https://cdn2.cellphones.com.vn/358x/media/wysiwyg/placehoder.png'),
(27, 2, 'https://cdn2.cellphones.com.vn/insecure/rs:fill:0:30/q:90/plain/https://cellphones.com.vn/media/wysiwyg/Web/flash_sale/pdp-flashsale-badge.png'),
(28, 2, 'https://cdn2.cellphones.com.vn/insecure/rs:fill:50:50/q:90/plain/https://cellphones.com.vn/media/catalog/product/b/a/ban-di-chuot-asus-rog-strix-edge_2__1.png'),
(29, 2, 'https://cdn2.cellphones.com.vn/insecure/rs:fill:0:0/q:100/plain/https://cellphones.com.vn/media/wysiwyg/DUMT_ZV0.png'),
(30, 2, 'https://cdn2.cellphones.com.vn/insecure/rs:fill:0:0/q:100/plain/https://cellphones.com.vn/media/wysiwyg/Icon/hsbc_icon.png'),
(31, 2, 'https://cdn2.cellphones.com.vn/insecure/rs:fill:0:0/q:100/plain/https://cellphones.com.vn/media/wysiwyg/Icon/vibb_bank.png'),
(32, 2, 'https://cdn2.cellphones.com.vn/insecure/rs:fill:0:0/q:100/plain/https://cellphones.com.vn/media/wysiwyg/Icon/image_1010_1_.png'),
(33, 2, 'https://cdn2.cellphones.com.vn/insecure/rs:fill:0:0/q:100/plain/https://cellphones.com.vn/media/wysiwyg/Icon/image_1747.png'),
(34, 2, 'https://cdn2.cellphones.com.vn/insecure/rs:fill:160:0/q:90/plain/https://cellphones.com.vn/media/wysiwyg/ant-hello-2025.png'),
(35, 2, 'https://cdn2.cellphones.com.vn/insecure/rs:fill:0:0/q:90/plain/https://cellphones.com.vn/media/wysiwyg/ant_sorry.gif'),
(36, 2, 'https://cdn2.cellphones.com.vn/insecure/rs:fill:56:56/q:90/plain/https://cellphones.com.vn/media/catalog/product/b/a/ban-di-chuot-asus-rog-strix-edge_1_.png'),
(37, 2, 'https://cdn2.cellphones.com.vn/x35,webp/media/wysiwyg/apple-pay-og.png'),
(38, 2, 'https://cdn2.cellphones.com.vn/x35,webp/media/logo/payment/vnpay-logo.png'),
(39, 2, 'https://cdn2.cellphones.com.vn/x/media/wysiwyg/momo_1.png'),
(40, 2, 'https://cdn2.cellphones.com.vn/x35,webp/media/logo/payment/onepay-logo.png'),
(41, 3, 'https://cdn2.cellphones.com.vn/200x/media/catalog/product/b/a/ban-phim-co-co-day-e-dra-ek316-den_1_.png'),
(42, 3, 'https://cdn2.cellphones.com.vn/x/media/wysiwyg/Web/Logo/Logo_CPS.png'),
(43, 3, 'https://cdn2.cellphones.com.vn/x/media/wysiwyg/Web/Logo/Logo-CPS-m.png'),
(44, 3, 'https://cdn2.cellphones.com.vn/insecure/rs:fill:0:80/q:90/plain/https://cellphones.com.vn/media/wysiwyg/chibi2.png'),
(45, 3, 'https://cdn2.cellphones.com.vn/insecure/rs:fill:0:0/q:90/plain/https://cellphones.com.vn/media/wysiwyg/Voucher.gif'),
(46, 3, 'https://cdn2.cellphones.com.vn/358x/media/wysiwyg/placehoder.png'),
(47, 3, 'https://cdn2.cellphones.com.vn/insecure/rs:fill:0:30/q:90/plain/https://cellphones.com.vn/media/wysiwyg/Web/flash_sale/pdp-flashsale-badge.png'),
(48, 3, 'https://cdn2.cellphones.com.vn/insecure/rs:fill:50:50/q:90/plain/https://cellphones.com.vn/media/catalog/product/b/a/ban-phim-co-co-day-e-dra-ek316-den_2__1.png'),
(49, 3, 'https://cdn2.cellphones.com.vn/insecure/rs:fill:50:50/q:90/plain/https://cellphones.com.vn/media/catalog/product/b/a/ban-phim-co-co-day-e-dra-ek316-den_2__2.png'),
(50, 3, 'https://cdn2.cellphones.com.vn/insecure/rs:fill:50:50/q:90/plain/https://cellphones.com.vn/media/catalog/product/b/a/ban-phim-co-co-day-e-dra-ek316-den_2__3.png'),
(51, 3, 'https://cdn2.cellphones.com.vn/insecure/rs:fill:0:0/q:100/plain/https://cellphones.com.vn/media/wysiwyg/DUMT_ZV0.png'),
(52, 3, 'https://cdn2.cellphones.com.vn/insecure/rs:fill:0:0/q:100/plain/https://cellphones.com.vn/media/wysiwyg/Icon/hsbc_icon.png'),
(53, 3, 'https://cdn2.cellphones.com.vn/insecure/rs:fill:0:0/q:100/plain/https://cellphones.com.vn/media/wysiwyg/Icon/vibb_bank.png'),
(54, 3, 'https://cdn2.cellphones.com.vn/insecure/rs:fill:0:0/q:100/plain/https://cellphones.com.vn/media/wysiwyg/Icon/image_1010_1_.png'),
(55, 3, 'https://cdn2.cellphones.com.vn/insecure/rs:fill:0:0/q:100/plain/https://cellphones.com.vn/media/wysiwyg/Icon/image_1747.png'),
(56, 3, 'https://cdn2.cellphones.com.vn/insecure/rs:fill:160:0/q:90/plain/https://cellphones.com.vn/media/wysiwyg/ant-hello-2025.png'),
(57, 3, 'https://cdn2.cellphones.com.vn/insecure/rs:fill:0:0/q:90/plain/https://cellphones.com.vn/media/wysiwyg/ant_sorry.gif'),
(58, 3, 'https://cdn2.cellphones.com.vn/insecure/rs:fill:56:56/q:90/plain/https://cellphones.com.vn/media/catalog/product/b/a/ban-phim-co-co-day-e-dra-ek316-den_1_.png'),
(59, 3, 'https://cdn2.cellphones.com.vn/x35,webp/media/wysiwyg/apple-pay-og.png'),
(60, 3, 'https://cdn2.cellphones.com.vn/x35,webp/media/logo/payment/vnpay-logo.png'),
(61, 4, 'https://cdn2.cellphones.com.vn/200x/media/catalog/product/b/a/ban-phim-co-co-day-rapoo-v501-87-den-xam-cam_1_.png'),
(62, 4, 'https://cdn2.cellphones.com.vn/x/media/wysiwyg/Web/Logo/Logo_CPS.png'),
(63, 4, 'https://cdn2.cellphones.com.vn/x/media/wysiwyg/Web/Logo/Logo-CPS-m.png'),
(64, 4, 'https://cdn2.cellphones.com.vn/insecure/rs:fill:0:80/q:90/plain/https://cellphones.com.vn/media/wysiwyg/chibi2.png'),
(65, 4, 'https://cdn2.cellphones.com.vn/insecure/rs:fill:0:0/q:90/plain/https://cellphones.com.vn/media/wysiwyg/Voucher.gif'),
(66, 4, 'https://cdn2.cellphones.com.vn/358x/media/wysiwyg/placehoder.png'),
(67, 4, 'https://cdn2.cellphones.com.vn/insecure/rs:fill:0:30/q:90/plain/https://cellphones.com.vn/media/wysiwyg/Web/flash_sale/pdp-flashsale-badge.png'),
(68, 4, 'https://cdn2.cellphones.com.vn/insecure/rs:fill:50:50/q:90/plain/https://cellphones.com.vn/media/catalog/product/b/a/ban-phim-co-co-day-rapoo-v501-87-den-xam-cam_2__1.png'),
(69, 4, 'https://cdn2.cellphones.com.vn/insecure/rs:fill:0:0/q:100/plain/https://cellphones.com.vn/media/wysiwyg/DUMT_ZV0.png'),
(70, 4, 'https://cdn2.cellphones.com.vn/insecure/rs:fill:0:0/q:100/plain/https://cellphones.com.vn/media/wysiwyg/Icon/hsbc_icon.png'),
(71, 4, 'https://cdn2.cellphones.com.vn/insecure/rs:fill:0:0/q:100/plain/https://cellphones.com.vn/media/wysiwyg/Icon/vibb_bank.png'),
(72, 4, 'https://cdn2.cellphones.com.vn/insecure/rs:fill:0:0/q:100/plain/https://cellphones.com.vn/media/wysiwyg/Icon/image_1010_1_.png'),
(73, 4, 'https://cdn2.cellphones.com.vn/insecure/rs:fill:0:0/q:100/plain/https://cellphones.com.vn/media/wysiwyg/Icon/image_1747.png'),
(74, 4, 'https://cdn2.cellphones.com.vn/insecure/rs:fill:160:0/q:90/plain/https://cellphones.com.vn/media/wysiwyg/ant-hello-2025.png'),
(75, 4, 'https://cdn2.cellphones.com.vn/insecure/rs:fill:0:0/q:90/plain/https://cellphones.com.vn/media/wysiwyg/ant_sorry.gif'),
(76, 4, 'https://cdn2.cellphones.com.vn/insecure/rs:fill:56:56/q:90/plain/https://cellphones.com.vn/media/catalog/product/b/a/ban-phim-co-co-day-rapoo-v501-87-den-xam-cam_1_.png'),
(77, 4, 'https://cdn2.cellphones.com.vn/x35,webp/media/wysiwyg/apple-pay-og.png'),
(78, 4, 'https://cdn2.cellphones.com.vn/x35,webp/media/logo/payment/vnpay-logo.png'),
(79, 4, 'https://cdn2.cellphones.com.vn/x/media/wysiwyg/momo_1.png'),
(80, 4, 'https://cdn2.cellphones.com.vn/x35,webp/media/logo/payment/onepay-logo.png');

-- inventory: 4 rows
INSERT INTO inventory (product_id, quantity, updated_at) VALUES
(1, 57, '2026-03-28 22:45:01'),
(2, 177, '2026-03-28 22:45:01'),
(3, 77, '2026-03-28 22:45:01'),
(4, 94, '2026-03-28 22:45:01');

-- addresses: 20 rows
INSERT INTO addresses (id, user_id, recipient_name, phone, province, district, ward, street, detail, is_default, created_at) VALUES
(1, 1, 'User1 Demo', '0900000001', 'Hà Nội', 'Quận 2', 'Phường 2', '101 Đường Mẫu', 'Địa chỉ tạo tự động để seed dữ liệu quan hệ.', 1, '2026-03-28 22:45:01'),
(2, 2, 'User2 Demo', '0900000002', 'TP. Hồ Chí Minh', 'Quận 3', 'Phường 3', '102 Đường Mẫu', 'Địa chỉ tạo tự động để seed dữ liệu quan hệ.', 1, '2026-03-28 22:45:01'),
(3, 3, 'User3 Demo', '0900000003', 'Đà Nẵng', 'Quận 4', 'Phường 4', '103 Đường Mẫu', 'Địa chỉ tạo tự động để seed dữ liệu quan hệ.', 1, '2026-03-28 22:45:01'),
(4, 4, 'User4 Demo', '0900000004', 'Cần Thơ', 'Quận 5', 'Phường 5', '104 Đường Mẫu', 'Địa chỉ tạo tự động để seed dữ liệu quan hệ.', 1, '2026-03-28 22:45:01'),
(5, 5, 'User5 Demo', '0900000005', 'Hải Phòng', 'Quận 6', 'Phường 6', '105 Đường Mẫu', 'Địa chỉ tạo tự động để seed dữ liệu quan hệ.', 1, '2026-03-28 22:45:01'),
(6, 6, 'User6 Demo', '0900000006', 'Hà Nội', 'Quận 7', 'Phường 7', '106 Đường Mẫu', 'Địa chỉ tạo tự động để seed dữ liệu quan hệ.', 1, '2026-03-28 22:45:01'),
(7, 7, 'User7 Demo', '0900000007', 'TP. Hồ Chí Minh', 'Quận 8', 'Phường 8', '107 Đường Mẫu', 'Địa chỉ tạo tự động để seed dữ liệu quan hệ.', 1, '2026-03-28 22:45:01'),
(8, 8, 'User8 Demo', '0900000008', 'Đà Nẵng', 'Quận 9', 'Phường 9', '108 Đường Mẫu', 'Địa chỉ tạo tự động để seed dữ liệu quan hệ.', 1, '2026-03-28 22:45:01'),
(9, 9, 'User9 Demo', '0900000009', 'Cần Thơ', 'Quận 10', 'Phường 10', '109 Đường Mẫu', 'Địa chỉ tạo tự động để seed dữ liệu quan hệ.', 1, '2026-03-28 22:45:01'),
(10, 10, 'User10 Demo', '0900000010', 'Hải Phòng', 'Quận 11', 'Phường 11', '110 Đường Mẫu', 'Địa chỉ tạo tự động để seed dữ liệu quan hệ.', 1, '2026-03-28 22:45:01'),
(11, 11, 'User11 Demo', '0900000011', 'Hà Nội', 'Quận 12', 'Phường 12', '111 Đường Mẫu', 'Địa chỉ tạo tự động để seed dữ liệu quan hệ.', 1, '2026-03-28 22:45:01'),
(12, 12, 'User12 Demo', '0900000012', 'TP. Hồ Chí Minh', 'Quận 1', 'Phường 13', '112 Đường Mẫu', 'Địa chỉ tạo tự động để seed dữ liệu quan hệ.', 1, '2026-03-28 22:45:01'),
(13, 13, 'User13 Demo', '0900000013', 'Đà Nẵng', 'Quận 2', 'Phường 14', '113 Đường Mẫu', 'Địa chỉ tạo tự động để seed dữ liệu quan hệ.', 1, '2026-03-28 22:45:01'),
(14, 14, 'User14 Demo', '0900000014', 'Cần Thơ', 'Quận 3', 'Phường 15', '114 Đường Mẫu', 'Địa chỉ tạo tự động để seed dữ liệu quan hệ.', 1, '2026-03-28 22:45:01'),
(15, 15, 'User15 Demo', '0900000015', 'Hải Phòng', 'Quận 4', 'Phường 16', '115 Đường Mẫu', 'Địa chỉ tạo tự động để seed dữ liệu quan hệ.', 1, '2026-03-28 22:45:01'),
(16, 16, 'User16 Demo', '0900000016', 'Hà Nội', 'Quận 5', 'Phường 17', '116 Đường Mẫu', 'Địa chỉ tạo tự động để seed dữ liệu quan hệ.', 1, '2026-03-28 22:45:01'),
(17, 17, 'User17 Demo', '0900000017', 'TP. Hồ Chí Minh', 'Quận 6', 'Phường 18', '117 Đường Mẫu', 'Địa chỉ tạo tự động để seed dữ liệu quan hệ.', 1, '2026-03-28 22:45:01'),
(18, 18, 'User18 Demo', '0900000018', 'Đà Nẵng', 'Quận 7', 'Phường 19', '118 Đường Mẫu', 'Địa chỉ tạo tự động để seed dữ liệu quan hệ.', 1, '2026-03-28 22:45:01'),
(19, 19, 'User19 Demo', '0900000019', 'Cần Thơ', 'Quận 8', 'Phường 20', '119 Đường Mẫu', 'Địa chỉ tạo tự động để seed dữ liệu quan hệ.', 1, '2026-03-28 22:45:01'),
(20, 20, 'User20 Demo', '0900000020', 'Hải Phòng', 'Quận 9', 'Phường 1', '120 Đường Mẫu', 'Địa chỉ tạo tự động để seed dữ liệu quan hệ.', 1, '2026-03-28 22:45:01');

-- carts: 20 rows
INSERT INTO carts (id, user_id) VALUES
(1, 1),
(2, 2),
(3, 3),
(4, 4),
(5, 5),
(6, 6),
(7, 7),
(8, 8),
(9, 9),
(10, 10),
(11, 11),
(12, 12),
(13, 13),
(14, 14),
(15, 15),
(16, 16),
(17, 17),
(18, 18),
(19, 19),
(20, 20);

-- cart_items: 39 rows
INSERT INTO cart_items (id, cart_id, product_id, quantity) VALUES
(1, 1, 1, 1),
(2, 1, 4, 2),
(3, 1, 3, 2),
(4, 2, 2, 1),
(5, 2, 3, 2),
(6, 2, 4, 2),
(7, 3, 3, 1),
(8, 3, 4, 2),
(9, 3, 1, 2),
(10, 4, 4, 2),
(11, 4, 2, 1),
(12, 5, 1, 1),
(13, 5, 3, 1),
(14, 6, 2, 1),
(15, 6, 3, 1),
(16, 7, 1, 2),
(17, 8, 4, 2),
(18, 8, 1, 1),
(19, 8, 2, 2),
(20, 9, 2, 1),
(21, 9, 3, 2),
(22, 10, 3, 2),
(23, 11, 3, 2),
(24, 11, 4, 2),
(25, 11, 1, 1),
(26, 12, 2, 2),
(27, 12, 4, 2),
(28, 13, 2, 1),
(29, 13, 4, 1),
(30, 14, 1, 1),
(31, 15, 1, 2),
(32, 16, 3, 1),
(33, 16, 2, 2),
(34, 16, 4, 2),
(35, 17, 1, 1),
(36, 18, 2, 2),
(37, 19, 4, 2),
(38, 20, 3, 2),
(39, 20, 4, 1);

-- orders: 8 rows
INSERT INTO orders (id, user_id, total_price, status, recipient_name, phone, address, created_at) VALUES
(1, 2, 1290000, 'SHIPPED', 'User2 Demo', '0900000002', '102 Đường Mẫu, Quận 3, Đà Nẵng', '2026-03-28 22:45:01'),
(2, 4, 28560000, 'SHIPPED', 'User4 Demo', '0900000004', '104 Đường Mẫu, Quận 5, Hải Phòng', '2026-03-28 22:45:01'),
(3, 5, 1180000, 'PAID', 'User5 Demo', '0900000005', '105 Đường Mẫu, Quận 6, Hà Nội', '2026-03-28 22:45:01'),
(4, 8, 27380000, 'SHIPPED', 'User8 Demo', '0900000008', '108 Đường Mẫu, Quận 9, Cần Thơ', '2026-03-28 22:45:01'),
(5, 10, 14239000, 'PAID', 'User10 Demo', '0900000010', '110 Đường Mẫu, Quận 11, Hà Nội', '2026-03-28 22:45:01'),
(6, 15, 27929000, 'SHIPPED', 'User15 Demo', '0900000015', '115 Đường Mẫu, Quận 4, Hà Nội', '2026-03-28 22:45:01'),
(7, 16, 2388000, 'COMPLETED', 'User16 Demo', '0900000016', '116 Đường Mẫu, Quận 5, TP. Hồ Chí Minh', '2026-03-28 22:45:01'),
(8, 18, 14829000, 'PAID', 'User18 Demo', '0900000018', '118 Đường Mẫu, Quận 7, Cần Thơ', '2026-03-28 22:45:01');

-- order_items: 16 rows
INSERT INTO order_items (id, order_id, product_id, price, quantity) VALUES
(1, 1, 3, 590000, 1),
(2, 1, 2, 350000, 2),
(3, 2, 3, 590000, 2),
(4, 2, 1, 13690000, 2),
(5, 3, 3, 590000, 2),
(6, 4, 1, 13690000, 2),
(7, 5, 1, 13690000, 1),
(8, 5, 4, 549000, 1),
(9, 6, 1, 13690000, 2),
(10, 6, 4, 549000, 1),
(11, 7, 2, 350000, 2),
(12, 7, 3, 590000, 1),
(13, 7, 4, 549000, 2),
(14, 8, 3, 590000, 1),
(15, 8, 1, 13690000, 1),
(16, 8, 4, 549000, 1);

-- reviews: no rows

-- wishlists: 16 rows
INSERT INTO wishlists (user_id, product_id) VALUES
(2, 4),
(2, 3),
(4, 4),
(4, 2),
(7, 4),
(7, 1),
(8, 3),
(8, 2),
(10, 2),
(12, 3),
(12, 2),
(15, 4),
(15, 3),
(18, 2),
(18, 1),
(20, 4);

SET FOREIGN_KEY_CHECKS = 1;