-- ===================== INSERT PRODUCTS =====================
INSERT INTO products (id, name, description, detail, summary, category, price, brand, promotion, created_at, updated_at) VALUES
(1, 'HONOR X8d 8GB 128GB', 'HONOR X8d 8GB 128GB', 'Kích thước màn hình: 6.77 inches
Công nghệ màn hình: AMOLED
Camera sau: Camera chính 108MP (f/1.75) + Camera rộng 5MP (f/2.2)
Camera trước: 16MP (f/2.45)
Chipset: Snapdragon 6s 4G thế hệ 2
Công nghệ NFC: Có
Dung lượng RAM: 8 GB
Bộ nhớ trong: 128 GB
Pin: 6800mAh (giá trị định mức), 7000 mAh (giá trị điển hình)
Thẻ SIM: 2 Nano-SIM
Hệ điều hành: MagicOS 10 (Dựa trên Android 16)
Độ phân giải màn hình: 1080 x 2392 pixels
Tính năng màn hình: Màu sắc: 1,07 tỷ màuCông nghệ Eye Comfort800 nit (điển hình) 1300 nit (loại HBM) 3000 nit (loại APL)Chất liệu kính Thủy tinh Aluminosilicate
Loại CPU: Octa-core, 4 * A73 2,9 GHz + 4 * A53 1,9 GHz', '', 'Điện thoại', 7790000.0, 'Honor', 4, NOW(), NOW()),
(2, 'Samsung Galaxy S25 Ultra 12GB 256GB', 'Samsung Galaxy S25 Ultra 12GB 256GB', 'Kích thước màn hình: 6.9 inches
Công nghệ màn hình: Dynamic AMOLED 2X
Camera sau: Camera siêu rộng 50MPCamera góc rộng 200 MPCamera Tele (5x) 50MPCamera Tele (3x) 10MP"
Camera trước: 12 MP
Chipset: Snapdragon 8 Elite dành cho Galaxy (3nm)
Công nghệ NFC: Có
Dung lượng RAM: 12 GB
Bộ nhớ trong: 256 GB
Pin: 5000 mAh
Thẻ SIM: 2 Nano-SIM + eSIM
Hệ điều hành: Android 15
Độ phân giải màn hình: 3120 x 1440 pixels (Quad HD+)
Tính năng màn hình: 120Hz2600 nitsCorning® Gorilla® Armor 2', '', 'Điện thoại', 27490000.0, 'Samsung', 18, NOW(), NOW()),
(3, 'Xiaomi 17 Ultra 5G 16GB 512GB', 'Xiaomi 17 Ultra 5G 16GB 512GB', 'Kích thước màn hình: 6.9 inches
Công nghệ màn hình: LTPO AMOLED
Camera sau: Camera chính: 200 MPGóc siêu rộng: 50 MP
Camera trước: 50 MP
Chipset: Qualcomm Snapdragon 8 Elite Gen 5
Công nghệ NFC: Có
Dung lượng RAM: 16 GB
Bộ nhớ trong: 512 GB
Pin: 6000 mAh
Thẻ SIM: 2 Nano-SIM
Hệ điều hành: Android 16 với HyperOS
Tính năng màn hình: Độ phân giải màn hình: 2608 × 1200 pixelsĐộ sáng tối đa 3500 nits
Loại CPU: 8 nhân', '', 'Điện thoại', 36990000.0, 'Xiaomi', 8, NOW(), NOW()),
(4, 'OPPO Reno15 5G 12GB 256GB', 'OPPO Reno15 5G 12GB 256GB', 'Kích thước màn hình: 6.59 inches
Công nghệ màn hình: AMOLED
Camera sau: Chính 50MP f/1.8 (OIS) + Telephoto 50MP f/2.8 (OIS) + Góc siêu rộng 8MP f/2.2
Camera trước: 50MP f/2.0
Chipset: Qualcomm Snapdragon 7 Gen4 5G
Công nghệ NFC: Có
Dung lượng RAM: 12 GB
Bộ nhớ trong: 256 GB
Pin: 6500 mAh
Thẻ SIM: Dual nano-SIM hoặc 1 nano-SIM + 1 eSIM
Hệ điều hành: ColorOS 16.0
Độ phân giải màn hình: 1256 x 2760 pixels
Tính năng màn hình: Cảm ứng 240Hz, 100% DCI-P3, 10-bit (1.07 tỷ màu), Độ sáng tối đa 1200 nits
Loại CPU: 8 nhân', '', 'Điện thoại', 16990000.0, 'OPPO', 0, NOW(), NOW()),
(5, 'OPPO Reno15 F 5G 8GB 256GB', 'OPPO Reno15 F 5G 8GB 256GB', 'Kích thước màn hình: 6.57 inches
Công nghệ màn hình: AMOLED
Camera sau: Chính 50MP f/1.8 (OIS, AF) + Góc siêu rộng 8MP f/2.2 + Macro 2MP f/2.4
Camera trước: 50MP f/2.0, hỗ trợ AF
Chipset: Qualcomm Snapdragon 6 Gen 1 5G
Công nghệ NFC: Có
Dung lượng RAM: 8 GB
Bộ nhớ trong: 256 GB
Pin: 7000mAh
Thẻ SIM: 2 Nano SIM (Sim 2 chung khe với thẻ nhớ)
Hệ điều hành: ColorOS 16.0
Độ phân giải màn hình: 1080 x 2372 pixels (FullHD+)
Tính năng màn hình: 1.07 tỷ màu (10-bit), DCI-P3 100%, Độ sáng tối đa 1400 nits
Loại CPU: 8 nhân', '', 'Điện thoại', 11990000.0, 'OPPO', 0, NOW(), NOW()),
(6, 'Xiaomi Redmi Note 14 Pro Plus 5G 8GB 256GB', 'Xiaomi Redmi Note 14 Pro Plus 5G 8GB 256GB', 'Kích thước màn hình: 6.67 inches
Công nghệ màn hình: AMOLED
Camera sau: Chính 200MP, OIS - f/1.65  Góc siêu rộng 8MP - f/2.2 Macro 2MP - f/2.4
Camera trước: Camera trước - f/2.2
Chipset: Snapdragon® 7s Gen 3
Công nghệ NFC: Có
Dung lượng RAM: 8 GB
Bộ nhớ trong: 256 GB
Pin: 5110 mAh
Thẻ SIM: 2 Nano-SIM
Hệ điều hành: Android 14
Độ phân giải màn hình: 2712 x 1220 pixels
Tính năng màn hình: Tần số quét: Lên đến 120Hz  Độ sáng: 3000 nits   Độ sâu màu: 12-bit  Tỷ lệ tương phản: 5,000,000:1
Loại CPU: 8 nhân, xung nhịp 2.5Ghz', '', 'Điện thoại', 7990000.0, 'Xiaomi', 26, NOW(), NOW()),
(7, 'Tecno Pova 7 8GB 256GB', 'Tecno Pova 7 8GB 256GB', 'Kích thước màn hình: 6.78 inches
Công nghệ màn hình: IPS LCD
Camera sau: 108M+2M
Camera trước: 8MP
Chipset: MediaTek Helio G100 Utimate
Công nghệ NFC: Có
Dung lượng RAM: 8 GB
Bộ nhớ trong: 256 GB
Pin: 7000mAh
Thẻ SIM: 2 Nano-SIM
Hệ điều hành: Android 15
Độ phân giải màn hình: 1080x2460 pixels
Tính năng màn hình: Tần số quét 120Hz, FHD+, Độ sáng tối đa 900nits
Loại CPU: 2*A76 up to 2.2Ghz, 6*A55 up to 2.0Ghz', '', 'Điện thoại', 4990000.0, 'Tecno', 12, NOW(), NOW()),
(8, 'OPPO Find N6 16GB 512GB', 'OPPO Find N6 16GB 512GB', 'Kích thước màn hình: 8.12 inches
Công nghệ màn hình: AMOLED
Camera sau: 200MP chính, f/1.8, OIS50MP telephoto, f/2.7, OIS50MP siêu rộng, f/2.0, 120°2MP monochrome, f/2.4
Camera trước: 20MP màn hình trong20MP màn hình ngoài
Chipset: Snapdragon® 8 Elite Gen 5
Công nghệ NFC: Có
Dung lượng RAM: 16 GB
Bộ nhớ trong: 512 GB
Pin: 6000 mAh
Thẻ SIM: Dual nano-SIM hoặc 1 nano-SIM + 1 eSIM
Hệ điều hành: ColorOS 16.0
Tính năng màn hình: 1 - 120Hz adaptive, Cảm ứng 240Hz, 10-bit (1.07 tỷ màu), 100% DCI-P3, Tối đa 1800 nits, 412 - 431 PPI
Loại CPU: 7 nhân', '', 'Điện thoại', 64990000.0, 'OPPO', 0, NOW(), NOW()),
(9, 'Samsung Galaxy A17 5G 8GB 128GB', 'Samsung Galaxy A17 5G 8GB 128GB', 'Kích thước màn hình: 6.7 inches
Công nghệ màn hình: Super AMOLED
Camera sau: Chính 50 MPPhụ 5 MP, 2 MP
Camera trước: 13 MP
Chipset: Exynos 1330
Công nghệ NFC: Có
Dung lượng RAM: 8 GB
Bộ nhớ trong: 128 GB
Pin: Li-Ion 5000 mAh
Thẻ SIM: 2 Nano SIM (Sim 2 chung khe với thẻ nhớ)
Hệ điều hành: Android 15
Độ phân giải màn hình: 1080 x 2340 pixels (FullHD+)
Tính năng màn hình: Độ sáng tối đa 800 nitsKính cường lực Corning Gorilla Glass 7
Loại CPU: 8 nhân (2 nhân 2.4 GHz & 6 nhân 2.0 GHz)', '', 'Điện thoại', 5890000.0, 'Samsung', 5, NOW(), NOW()),
(10, 'Tecno Pova 7 8GB 128GB', 'Tecno Pova 7 8GB 128GB', 'Kích thước màn hình: 6.78 inches
Công nghệ màn hình: IPS LCD
Camera sau: 108M+2M
Camera trước: 8MP
Chipset: MediaTek Helio G100 Utimate
Công nghệ NFC: Có
Dung lượng RAM: 8 GB
Bộ nhớ trong: 128 GB
Pin: 7000mAh
Thẻ SIM: 2 Nano-SIM
Hệ điều hành: Android 15
Độ phân giải màn hình: 1080x2460 pixels
Tính năng màn hình: Tần số quét 120Hz, FHD+, Độ sáng tối đa 900nits
Loại CPU: 2*A76 up to 2.2Ghz, 6*A55 up to 2.0Ghz', '', 'Điện thoại', 4490000.0, 'Tecno', 10, NOW(), NOW()),
(11, 'HONOR X9d 12GB 512GB', 'HONOR X9d 12GB 512GB', 'Kích thước màn hình: 6.79 inches
Công nghệ màn hình: AMOLED
Camera sau: Camera chính 108MP (F1.75) + Camera góc rộng 5MP (F2.2)
Camera trước: 16MP (F2.45)
Chipset: Snapdragon 6 Gen 4
Công nghệ NFC: Có
Dung lượng RAM: 12 GB
Bộ nhớ trong: 512 GB
Pin: 8300 mAh
Thẻ SIM: 2 Nano-SIM
Hệ điều hành: MagicOS 9.0 (Dựa trên Android 15）
Độ phân giải màn hình: 1200 x 2640 pixels
Tính năng màn hình: 100% DCI-P3, 1,07 tỷ màu800 nits (điển hình), 1800 nits (chế độ HBM), 6000 nits (chế độ APL)Bảo vệ mắtMàn hình ban đêm sinh họcGiảm độ sáng độngKhử nháy sáng PWM 3840Hz
Loại CPU: 8 nhân (1× A720 2.3GHz + 3× A720 2.2GHz + 4× A520 1.8GHz)', '', 'Điện thoại', 11490000.0, 'Honor', 4, NOW(), NOW()),
(12, 'Nothing Phone 2A Plus 5G 12GB 256GB', 'Nothing Phone 2A Plus 5G 12GB 256GB', 'Kích thước màn hình: 6.7 inches
Công nghệ màn hình: Flexible AMOLED On-cell
Camera sau: Camera chính: 50 MP, f/1.88, 1/1.57"Camera góc siêu rộng: 50 MP, f/2.2, 1/2.76"
Camera trước: 50 MP, f/2.2, 1/2.76"
Chipset: MediaTek Dimensity 7350 Pro 5G
Công nghệ NFC: Có
Dung lượng RAM: 12 GB
Bộ nhớ trong: 256 GB
Pin: 5000 mAh
Thẻ SIM: 2 SIM (Nano-SIM)
Hệ điều hành: Android 14
Độ phân giải màn hình: 1080 x 2412 pixels
Tính năng màn hình: 1300 nits120 Hz, 1,07 tỷ màu
Loại CPU: Up to 3.0 GHz', '', 'Điện thoại', 7990000.0, 'Nothing', 30, NOW(), NOW()),
(13, 'Samsung Galaxy S26 12GB 256GB', 'Samsung Galaxy S26 12GB 256GB', 'Kích thước màn hình: 6.3 inches
Công nghệ màn hình: Dynamic AMOLED 2X
Camera sau: Camera siêu rộng: 12MPCamera góc rộng: 50MPCamera Tele: 10MP
Camera trước: 12MP
Chipset: Exynos 2600 (2nm)
Công nghệ NFC: Có
Dung lượng RAM: 12 GB
Bộ nhớ trong: 256 GB
Pin: 4300 mAh
Thẻ SIM: 2 Nano-SIM + eSIM
Độ phân giải màn hình: 2340 x 1080-pixel
Tính năng màn hình: Tần số quét: 1-120HzĐộ sáng tối đa: 2600 nits', '', 'Điện thoại', 22990000.0, 'Samsung', 12, NOW(), NOW()),
(14, 'Samsung Galaxy S26 Ultra 12GB 256GB', 'Samsung Galaxy S26 Ultra 12GB 256GB', 'Kích thước màn hình: 6.9 inches
Công nghệ màn hình: Dynamic AMOLED 2X
Camera sau: Camera siêu rộng: 50MPCamera góc rộng: 200MPCamera Tele (5x): 50MPCamera Tele (3x): 10MP
Camera trước: 12MP
Chipset: Snapdragon 8 Elite Gen 5 dành cho Galaxy (3nm)
Công nghệ NFC: Có
Dung lượng RAM: 12 GB
Bộ nhớ trong: 256 GB
Pin: 5000 mAh
Thẻ SIM: 2 Nano-SIM + eSIM
Độ phân giải màn hình: 3120 x 1440 pixels (Quad HD+)
Tính năng màn hình: Tần số quét: 1-120HzĐộ sáng tối đa: 2600 nits', '', 'Điện thoại', 33990000.0, 'Samsung', 8, NOW(), NOW()),
(15, 'POCO X8 Pro Max 12GB 256GB', 'POCO X8 Pro Max 12GB 256GB', 'Kích thước màn hình: 6.83 inches
Công nghệ màn hình: AMOLED
Camera sau: 50 MP f/1.5 (cảm biến Light Hunter 600, OIS) + 8 MP (góc siêu rộng)
Camera trước: 20 MP
Chipset: MediaTek Dimensity 9500s
Dung lượng RAM: 12 GB
Bộ nhớ trong: 256 GB
Pin: 8.500 mAh
Thẻ SIM: Dual nano-SIM hoặc 1 nano-SIM + 1 eSIM
Hệ điều hành: Xiaomi HyperOS 3 (Android 16)
Độ phân giải màn hình: 2772 x 1280 pixels
Tính năng màn hình: Độ sáng tối đa 3.500 nits, PWM 3840Hz, 68 tỷ màu, dải màu DCI-P3, HDR10+
Loại CPU: 1 × Cortex-X925 (tối đa 3.73GHz) + 3 × Cortex-X4 (tối đa 3.3GHz) + 4 × Cortex-A720 (tối đa 2.4GHz)', '', 'Điện thoại', 14990000.0, 'Xiaomi', 12, NOW(), NOW()),
(16, 'Samsung Galaxy A07 4GB 128GB', 'Samsung Galaxy A07 4GB 128GB', 'Kích thước màn hình: 6.7 inches
Công nghệ màn hình: IPS LCD
Camera sau: Chính 50 MPPhụ 2 MP
Camera trước: 8 MP
Chipset: MediaTek Helio G99
Công nghệ NFC: Không
Dung lượng RAM: 4 GB
Bộ nhớ trong: 128 GB
Pin: Li-Ion 5000 mAh
Thẻ SIM: 2 Nano-SIM
Hệ điều hành: Android 15
Độ phân giải màn hình: 720 x 1600 pixel
Tính năng màn hình: Độ sáng tối đa 480 nitsKính cường lực Panda
Loại CPU: 8 nhân (2 nhân 2.2 GHz & 6 nhân 2.0 GHz)', '', 'Điện thoại', 3190000.0, 'Samsung', 6, NOW(), NOW()),
(17, 'Samsung Galaxy S26 Ultra 12GB 512GB', 'Samsung Galaxy S26 Ultra 12GB 512GB', 'Kích thước màn hình: 6.9 inches
Công nghệ màn hình: Dynamic AMOLED 2X
Camera sau: Camera siêu rộng: 50MPCamera góc rộng: 200MPCamera Tele (5x): 50MPCamera Tele (3x): 10MP
Camera trước: 12MP
Chipset: Snapdragon 8 Elite Gen 5 dành cho Galaxy (3nm)
Công nghệ NFC: Có
Dung lượng RAM: 12 GB
Bộ nhớ trong: 512 GB
Pin: 5000 mAh
Thẻ SIM: 2 Nano-SIM + eSIM
Độ phân giải màn hình: 3120 x 1440 pixels (Quad HD+)
Tính năng màn hình: Tần số quét: 1-120HzĐộ sáng tối đa: 2600 nits', '', 'Điện thoại', 38990000.0, 'Samsung', 9, NOW(), NOW());

-- ===================== INSERT PRODUCT IMAGES =====================
INSERT INTO product_images (id, product_id, image_url) VALUES
(1, 1, 'https://cdn2.cellphones.com.vn/x/media/catalog/product/h/o/honor-x8d-6.jpg'),
(2, 1, 'https://cdn2.cellphones.com.vn/x/media/catalog/product/h/o/honor-x8d-13.jpg'),
(3, 1, 'https://cdn2.cellphones.com.vn/358x/media/wysiwyg/placehoder.png'),
(4, 1, 'https://cdn2.cellphones.com.vn/x/media/catalog/product/h/o/honor-x8d-8.jpg'),
(5, 1, 'https://cdn2.cellphones.com.vn/x/media/catalog/product/d/i/dien-thoai-honor-x8d-3_1.jpg'),
(6, 1, 'https://cdn2.cellphones.com.vn/x/media/catalog/product/h/o/honor-x8d-10.jpg'),
(7, 1, 'https://cdn2.cellphones.com.vn/x/media/catalog/product/h/o/honor-x8d-2.jpg'),
(8, 1, 'https://cdn2.cellphones.com.vn/x/media/catalog/product/d/i/dien-thoai-honor-x8d-2_1.jpg'),
(9, 1, 'https://cdn2.cellphones.com.vn/x/media/catalog/product/d/i/dien-thoai-honor-x8d-1_1.jpg'),
(10, 1, 'https://cdn2.cellphones.com.vn/x/media/catalog/product/h/o/honor-x8d.jpg'),
(11, 1, 'https://cdn2.cellphones.com.vn/x/media/catalog/product/h/o/honor-x8d-5.jpg'),
(12, 1, 'https://cdn2.cellphones.com.vn/x/media/catalog/product/h/o/honor-x8d-3.jpg'),
(13, 1, 'https://cdn2.cellphones.com.vn/x/media/catalog/product/h/o/honor-x8d-12.jpg'),
(14, 1, 'https://cdn2.cellphones.com.vn/x/media/catalog/product/h/o/honor-x8d-1.jpg'),
(15, 1, 'https://cdn2.cellphones.com.vn/x/media/catalog/product/h/o/honor-x8d-14.jpg'),
(16, 1, 'https://cdn2.cellphones.com.vn/x/media/catalog/product/d/i/dien-thoai-honor-x8d_1.jpg'),
(17, 1, 'https://cdn2.cellphones.com.vn/x/media/catalog/product/d/i/dien-thoai-honor-x8d-4.jpg'),
(18, 1, 'https://cdn2.cellphones.com.vn/x/media/catalog/product/h/o/honor-x8d-7.jpg'),
(19, 1, 'https://cdn2.cellphones.com.vn/x/media/catalog/product/h/o/honor-x8d-9.jpg'),
(20, 1, 'https://cdn2.cellphones.com.vn/x/media/catalog/product/h/o/honor-x8d-11.jpg'),
(21, 2, 'https://cdn2.cellphones.com.vn/x/media/catalog/product/d/i/dien-thoai-samsung-galaxy-s25-utra_23_.png'),
(22, 2, 'https://cdn2.cellphones.com.vn/x/media/catalog/product/d/i/dien-thoai-samsung-galaxy-s25-utra_15_.png'),
(23, 2, 'https://cdn2.cellphones.com.vn/x/media/catalog/product/d/i/dien-thoai-samsung-galaxy-s25-utra_5_.png'),
(24, 2, 'https://cdn2.cellphones.com.vn/358x/media/wysiwyg/placehoder.png'),
(25, 2, 'https://cdn2.cellphones.com.vn/x/media/catalog/product/d/i/dien-thoai-samsung-galaxy-s25-ultra_2__3.png'),
(26, 2, 'https://cdn2.cellphones.com.vn/x/media/catalog/product/d/i/dien-thoai-samsung-galaxy-s25-ultra_3__3.png'),
(27, 2, 'https://cdn2.cellphones.com.vn/x/media/catalog/product/d/i/dien-thoai-samsung-galaxy-s25-utra_7_.png'),
(28, 2, 'https://cdn2.cellphones.com.vn/x/media/catalog/product/s/a/samsung_galaxy_s25_ultra_-_4.png'),
(29, 2, 'https://img.youtube.com/vi/AaXXgn5xNeY/maxresdefault.jpg'),
(30, 2, 'https://cdn2.cellphones.com.vn/x/media/catalog/product/d/i/dien-thoai-samsung-galaxy-s25-utra_16_.png'),
(31, 2, 'https://cdn2.cellphones.com.vn/x/media/catalog/product/d/i/dien-thoai-samsung-galaxy-s25-utra_18_.png'),
(32, 2, 'https://cdn2.cellphones.com.vn/x/media/catalog/product/d/i/dien-thoai-samsung-galaxy-s25-utra_19_.png'),
(33, 2, 'https://cdn2.cellphones.com.vn/x/media/catalog/product/d/i/dien-thoai-samsung-galaxy-s25-utra_24_.png'),
(34, 2, 'https://cdn2.cellphones.com.vn/x/media/catalog/product/d/i/dien-thoai-samsung-galaxy-s25-utra_22_.png'),
(35, 2, 'https://cdn2.cellphones.com.vn/x/media/catalog/product/d/i/dien-thoai-samsung-galaxy-s25-utra_17_.png'),
(36, 2, 'https://cdn2.cellphones.com.vn/x/media/catalog/product/d/i/dien-thoai-samsung-galaxy-s25-utra_11_.png'),
(37, 2, 'https://cdn2.cellphones.com.vn/x/media/catalog/product/d/i/dien-thoai-samsung-galaxy-s25-utra.png'),
(38, 2, 'https://cdn2.cellphones.com.vn/x/media/catalog/product/d/i/dien-thoai-samsung-galaxy-s25-utra_9_.png'),
(39, 2, 'https://cdn2.cellphones.com.vn/x/media/catalog/product/d/i/dien-thoai-samsung-galaxy-s25-utra_25_.png'),
(40, 2, 'https://cdn2.cellphones.com.vn/x/media/catalog/product/d/i/dien-thoai-samsung-galaxy-s25-utra_4_.png'),
(41, 2, 'https://cdn2.cellphones.com.vn/x/media/catalog/product/d/i/dien-thoai-samsung-galaxy-s25-utra_8_.png'),
(42, 2, 'https://cdn2.cellphones.com.vn/x/media/catalog/product/d/i/dien-thoai-samsung-galaxy-s25-utra_2_.png'),
(43, 2, 'https://cdn2.cellphones.com.vn/x/media/catalog/product/d/i/dien-thoai-samsung-galaxy-s25-utra_14_.png'),
(44, 2, 'https://cdn2.cellphones.com.vn/x/media/catalog/product/s/a/samsung_galaxy_s25_ultra_-_1.png'),
(45, 2, 'https://cdn2.cellphones.com.vn/x/media/catalog/product/d/i/dien-thoai-samsung-galaxy-s25-utra_3_.png'),
(46, 2, 'https://cdn2.cellphones.com.vn/x/media/catalog/product/d/i/dien-thoai-samsung-galaxy-s25-utra_21_.png'),
(47, 2, 'https://cdn2.cellphones.com.vn/x/media/catalog/product/s/a/samsung_galaxy_s25_ultra_-_3.png'),
(48, 2, 'https://cdn2.cellphones.com.vn/x/media/catalog/product/d/i/dien-thoai-samsung-galaxy-s25-ultra.png'),
(49, 2, 'https://cdn2.cellphones.com.vn/x/media/catalog/product/d/i/dien-thoai-samsung-galaxy-s25-utra_1_.png'),
(50, 2, 'https://cdn2.cellphones.com.vn/x/media/catalog/product/s/a/samsung_galaxy_s25_ultra_-_5.png'),
(51, 2, 'https://cdn2.cellphones.com.vn/x/media/catalog/product/d/i/dien-thoai-samsung-galaxy-s25-ultra_1__3.png'),
(52, 2, 'https://cdn2.cellphones.com.vn/x/media/catalog/product/d/i/dien-thoai-samsung-galaxy-s25-utra_12_.png'),
(53, 2, 'https://cdn2.cellphones.com.vn/x/media/catalog/product/d/i/dien-thoai-samsung-galaxy-s25-utra_20_.png'),
(54, 2, 'https://cdn2.cellphones.com.vn/x/media/catalog/product/d/i/dien-thoai-samsung-galaxy-s25-utra_10_.png'),
(55, 2, 'https://cdn2.cellphones.com.vn/x/media/catalog/product/s/a/samsung_galaxy_s25_ultra_-_2.png'),
(56, 2, 'https://cdn2.cellphones.com.vn/x/media/catalog/product/d/i/dien-thoai-samsung-galaxy-s25-utra_13_.png'),
(57, 3, 'https://cdn2.cellphones.com.vn/x/media/catalog/product/d/i/dien-thoai-xiaomi-17-ultra-den-trang-5.jpg'),
(58, 3, 'https://cdn2.cellphones.com.vn/x/media/catalog/product/d/i/dien-thoai-xiaomi-17-ultra-den-xanhla-3.jpg'),
(59, 3, 'https://cdn2.cellphones.com.vn/x/media/catalog/product/d/i/dien-thoai-xiaomi-17-ultra-trang-9.jpg'),
(60, 3, 'https://cdn2.cellphones.com.vn/x/media/catalog/product/d/i/dien-thoai-xiaomi-17-ultra-den-trang-4.jpg'),
(61, 3, 'https://cdn2.cellphones.com.vn/x/media/catalog/product/d/i/dien-thoai-xiaomi-17-ultra-den-trang-9.jpg'),
(62, 3, 'https://cdn2.cellphones.com.vn/x/media/catalog/product/d/i/dien-thoai-xiaomi-17-ultra-den-xanhla-7.jpg'),
(63, 3, 'https://cdn2.cellphones.com.vn/358x/media/wysiwyg/placehoder.png'),
(64, 3, 'https://cdn2.cellphones.com.vn/x/media/catalog/product/d/i/dien-thoai-xiaomi-17-ultra-trang_1.jpg'),
(65, 3, 'https://cdn2.cellphones.com.vn/x/media/catalog/product/d/i/dien-thoai-xiaomi-17-ultra-den-xanhla.jpg'),
(66, 3, 'https://cdn2.cellphones.com.vn/x/media/catalog/product/d/i/dien-thoai-xiaomi-17-ultra-den-trang-3.jpg'),
(67, 3, 'https://cdn2.cellphones.com.vn/x/media/catalog/product/d/i/dien-thoai-xiaomi-17-ultra-trang-10.jpg'),
(68, 3, 'https://cdn2.cellphones.com.vn/x/media/catalog/product/d/i/dien-thoai-xiaomi-17-ultra-den-trang-6.jpg'),
(69, 3, 'https://cdn2.cellphones.com.vn/x/media/catalog/product/d/i/dien-thoai-xiaomi-17-ultra-den-5.jpg'),
(70, 3, 'https://cdn2.cellphones.com.vn/x/media/catalog/product/d/i/dien-thoai-xiaomi-17-ultra-den-trang-10.jpg'),
(71, 3, 'https://cdn2.cellphones.com.vn/x/media/catalog/product/d/i/dien-thoai-xiaomi-17-ultra-den-trang.jpg'),
(72, 3, 'https://cdn2.cellphones.com.vn/x/media/catalog/product/d/i/dien-thoai-xiaomi-17-ultra-den-xanhla-6.jpg'),
(73, 3, 'https://cdn2.cellphones.com.vn/x/media/catalog/product/s/l/slider-xiaomi-17-ultra-4.jpg'),
(74, 3, 'https://cdn2.cellphones.com.vn/x/media/catalog/product/d/i/dien-thoai-xiaomi-17-ultra-den-xanhla-10.jpg'),
(75, 3, 'https://cdn2.cellphones.com.vn/x/media/catalog/product/d/i/dien-thoai-xiaomi-17-ultra-trang-2.jpg'),
(76, 3, 'https://cdn2.cellphones.com.vn/x/media/catalog/product/s/l/slider-xiaomi-17-ultra_1_2.jpg'),
(77, 3, 'https://cdn2.cellphones.com.vn/x/media/catalog/product/d/i/dien-thoai-xiaomi-17-ultra-den-trang-7.jpg'),
(78, 3, 'https://cdn2.cellphones.com.vn/x/media/catalog/product/d/i/dien-thoai-xiaomi-17-ultra-den-8.jpg'),
(79, 3, 'https://cdn2.cellphones.com.vn/x/media/catalog/product/d/i/dien-thoai-xiaomi-17-ultra-den-4.jpg'),
(80, 3, 'https://cdn2.cellphones.com.vn/x/media/catalog/product/d/i/dien-thoai-xiaomi-17-ultra-den-2.jpg'),
(81, 3, 'https://cdn2.cellphones.com.vn/x/media/catalog/product/d/i/dien-thoai-xiaomi-17-ultra-den-trang-2.jpg'),
(82, 3, 'https://cdn2.cellphones.com.vn/x/media/catalog/product/d/i/dien-thoai-xiaomi-17-ultra-den-trang-8.jpg'),
(83, 3, 'https://cdn2.cellphones.com.vn/x/media/catalog/product/d/i/dien-thoai-xiaomi-17-ultra-den-9.jpg'),
(84, 3, 'https://cdn2.cellphones.com.vn/x/media/catalog/product/d/i/dien-thoai-xiaomi-17-ultra-trang-7.jpg'),
(85, 3, 'https://cdn2.cellphones.com.vn/x/media/catalog/product/s/l/slider-xiaomi-17-ultra-1.jpg'),
(86, 3, 'https://cdn2.cellphones.com.vn/x/media/catalog/product/d/i/dien-thoai-xiaomi-17-ultra-den-xanhla-2.jpg'),
(87, 3, 'https://cdn2.cellphones.com.vn/x/media/catalog/product/d/i/dien-thoai-xiaomi-17-ultra-den-xanhla-1.jpg'),
(88, 3, 'https://cdn2.cellphones.com.vn/x/media/catalog/product/d/i/dien-thoai-xiaomi-17-ultra-den-xanhla-9.jpg'),
(89, 3, 'https://cdn2.cellphones.com.vn/x/media/catalog/product/d/i/dien-thoai-xiaomi-17-ultra-trang-4.jpg'),
(90, 3, 'https://cdn2.cellphones.com.vn/x/media/catalog/product/d/i/dien-thoai-xiaomi-17-ultra-trang-6.jpg'),
(91, 3, 'https://cdn2.cellphones.com.vn/x/media/catalog/product/d/i/dien-thoai-xiaomi-17-ultra-den-xanhla-4.jpg'),
(92, 3, 'https://cdn2.cellphones.com.vn/x/media/catalog/product/d/i/dien-thoai-xiaomi-17-ultra-den-xanhla-5.jpg'),
(93, 3, 'https://cdn2.cellphones.com.vn/x/media/catalog/product/s/l/slider-xiaomi-17-ultra.jpg'),
(94, 3, 'https://cdn2.cellphones.com.vn/x/media/catalog/product/d/i/dien-thoai-xiaomi-17-ultra-trang-3.jpg'),
(95, 3, 'https://cdn2.cellphones.com.vn/x/media/catalog/product/d/i/dien-thoai-xiaomi-17-ultra-den-3.jpg'),
(96, 3, 'https://cdn2.cellphones.com.vn/x/media/catalog/product/d/i/dien-thoai-xiaomi-17-ultra-den-10.jpg'),
(97, 3, 'https://cdn2.cellphones.com.vn/x/media/catalog/product/d/i/dien-thoai-xiaomi-17-ultra-den-trang-1.jpg'),
(98, 3, 'https://cdn2.cellphones.com.vn/x/media/catalog/product/d/i/dien-thoai-xiaomi-17-ultra-trang-8.jpg'),
(99, 3, 'https://cdn2.cellphones.com.vn/x/media/catalog/product/d/i/dien-thoai-xiaomi-17-ultra-den-xanhla-8.jpg'),
(100, 3, 'https://cdn2.cellphones.com.vn/x/media/catalog/product/d/i/dien-thoai-xiaomi-17-ultra-den-7.jpg'),
(101, 3, 'https://cdn2.cellphones.com.vn/x/media/catalog/product/d/i/dien-thoai-xiaomi-17-ultra-den.jpg'),
(102, 3, 'https://cdn2.cellphones.com.vn/x/media/catalog/product/d/i/dien-thoai-xiaomi-17-ultra-den-1.jpg'),
(103, 3, 'https://cdn2.cellphones.com.vn/x/media/catalog/product/d/i/dien-thoai-xiaomi-17-ultra-den-6.jpg'),
(104, 3, 'https://cdn2.cellphones.com.vn/x/media/catalog/product/d/i/dien-thoai-xiaomi-17-ultra-trang-5.jpg'),
(105, 3, 'https://cdn2.cellphones.com.vn/x/media/catalog/product/s/l/slider-xiaomi-17-ultra-2.jpg'),
(106, 3, 'https://cdn2.cellphones.com.vn/x/media/catalog/product/d/i/dien-thoai-xiaomi-17-ultra-trang-1.jpg'),
(107, 4, 'https://cdn2.cellphones.com.vn/x/media/catalog/product/o/p/oppo-reno15-5g-6.jpg'),
(108, 4, 'https://cdn2.cellphones.com.vn/x/media/catalog/product/o/p/oppo-reno15-5g-2.jpg'),
(109, 4, 'https://cdn2.cellphones.com.vn/x/media/catalog/product/o/p/oppo-reno15-5g-15.jpg'),
(110, 4, 'https://cdn2.cellphones.com.vn/358x/media/wysiwyg/placehoder.png'),
(111, 4, 'https://img.youtube.com/vi/cRoaCVD3kHs/maxresdefault.jpg'),
(112, 4, 'https://cdn2.cellphones.com.vn/x/media/catalog/product/o/p/oppo-reno15-5g-4.jpg'),
(113, 4, 'https://cdn2.cellphones.com.vn/x/media/catalog/product/s/l/slider-oppo-reno15-5g-4.jpg'),
(114, 4, 'https://cdn2.cellphones.com.vn/x/media/catalog/product/o/p/oppo-reno15-5g-17.jpg'),
(115, 4, 'https://cdn2.cellphones.com.vn/x/media/catalog/product/o/p/oppo-reno15-5g-7.jpg'),
(116, 4, 'https://cdn2.cellphones.com.vn/x/media/catalog/product/o/p/oppo-reno15-5g-13.jpg'),
(117, 4, 'https://cdn2.cellphones.com.vn/x/media/catalog/product/s/l/slider-oppo-reno15-5g-12gb.jpg'),
(118, 4, 'https://cdn2.cellphones.com.vn/x/media/catalog/product/o/p/oppo-reno15-5g-1.jpg'),
(119, 4, 'https://cdn2.cellphones.com.vn/x/media/catalog/product/o/p/oppo-reno15-5g-12.jpg'),
(120, 4, 'https://cdn2.cellphones.com.vn/x/media/catalog/product/o/p/oppo-reno15-5g-3.jpg'),
(121, 4, 'https://cdn2.cellphones.com.vn/x/media/catalog/product/s/l/slider-oppo-reno15-5g.jpg'),
(122, 4, 'https://cdn2.cellphones.com.vn/x/media/catalog/product/o/p/oppo-reno15-5g-10.jpg'),
(123, 4, 'https://cdn2.cellphones.com.vn/x/media/catalog/product/o/p/oppo-reno15-5g-8.jpg'),
(124, 4, 'https://cdn2.cellphones.com.vn/x/media/catalog/product/o/p/oppo-reno15-5g-16.jpg'),
(125, 4, 'https://cdn2.cellphones.com.vn/x/media/catalog/product/s/l/slider-oppo-reno15-5g-1.jpg'),
(126, 4, 'https://cdn2.cellphones.com.vn/x/media/catalog/product/o/p/oppo-reno15-5g-5.jpg'),
(127, 4, 'https://cdn2.cellphones.com.vn/x/media/catalog/product/s/l/slider-oppo-reno15-5g-2.jpg'),
(128, 4, 'https://cdn2.cellphones.com.vn/x/media/catalog/product/o/p/oppo-reno15-5g-11.jpg'),
(129, 4, 'https://cdn2.cellphones.com.vn/x/media/catalog/product/o/p/oppo-reno15-5g-9.jpg'),
(130, 4, 'https://cdn2.cellphones.com.vn/x/media/catalog/product/o/p/oppo-reno15-5g.jpg'),
(131, 4, 'https://cdn2.cellphones.com.vn/x/media/catalog/product/o/p/oppo-reno15-5g-14.jpg'),
(132, 5, 'https://cdn2.cellphones.com.vn/x/media/catalog/product/o/p/oppo-reno15f-5g-4.jpg'),
(133, 5, 'https://cdn2.cellphones.com.vn/x/media/catalog/product/o/p/oppo-reno15f-5g-10.jpg'),
(134, 5, 'https://cdn2.cellphones.com.vn/x/media/catalog/product/o/p/oppo-reno15f-5g-21.jpg'),
(135, 5, 'https://cdn2.cellphones.com.vn/358x/media/wysiwyg/placehoder.png'),
(136, 5, 'https://cdn2.cellphones.com.vn/x/media/catalog/product/o/p/oppo-reno15f-5g-19.jpg'),
(137, 5, 'https://cdn2.cellphones.com.vn/x/media/catalog/product/o/p/oppo-reno15f-5g-24.jpg'),
(138, 5, 'https://cdn2.cellphones.com.vn/x/media/catalog/product/o/p/oppo-reno15f-5g-26.jpg'),
(139, 5, 'https://cdn2.cellphones.com.vn/x/media/catalog/product/s/l/slider-oppo-reno15-f-5g-1.jpg'),
(140, 5, 'https://cdn2.cellphones.com.vn/x/media/catalog/product/s/l/slider-oppo-reno15-f-5g-6.jpg'),
(141, 5, 'https://cdn2.cellphones.com.vn/x/media/catalog/product/o/p/oppo-reno15f-5g-8.jpg'),
(142, 5, 'https://cdn2.cellphones.com.vn/x/media/catalog/product/o/p/oppo-reno15f-5g-23.jpg'),
(143, 5, 'https://img.youtube.com/vi/CY-yBdgQMnM/maxresdefault.jpg'),
(144, 5, 'https://cdn2.cellphones.com.vn/x/media/catalog/product/s/l/slider-oppo-reno15-f-5g-5.jpg'),
(145, 5, 'https://cdn2.cellphones.com.vn/x/media/catalog/product/o/p/oppo-reno15f-5g-6.jpg'),
(146, 5, 'https://cdn2.cellphones.com.vn/x/media/catalog/product/o/p/oppo-reno15f-5g-15.jpg'),
(147, 5, 'https://cdn2.cellphones.com.vn/x/media/catalog/product/o/p/oppo-reno15f-5g.jpg'),
(148, 5, 'https://cdn2.cellphones.com.vn/x/media/catalog/product/o/p/oppo-reno15f-5g-16.jpg'),
(149, 5, 'https://cdn2.cellphones.com.vn/x/media/catalog/product/s/l/slider-oppo-reno15-f-5g-4.jpg'),
(150, 5, 'https://cdn2.cellphones.com.vn/x/media/catalog/product/o/p/oppo-reno15f-5g-25.jpg'),
(151, 5, 'https://cdn2.cellphones.com.vn/x/media/catalog/product/o/p/oppo-reno15f-5g-13.jpg'),
(152, 5, 'https://cdn2.cellphones.com.vn/x/media/catalog/product/o/p/oppo-reno15f-5g-12.jpg'),
(153, 5, 'https://cdn2.cellphones.com.vn/x/media/catalog/product/o/p/oppo-reno15f-5g-20.jpg'),
(154, 5, 'https://cdn2.cellphones.com.vn/x/media/catalog/product/o/p/oppo-reno15f-5g-1.jpg'),
(155, 5, 'https://cdn2.cellphones.com.vn/x/media/catalog/product/o/p/oppo-reno15f-5g-2.jpg'),
(156, 5, 'https://cdn2.cellphones.com.vn/x/media/catalog/product/o/p/oppo-reno15f-5g-17.jpg'),
(157, 5, 'https://cdn2.cellphones.com.vn/x/media/catalog/product/o/p/oppo-reno15f-5g-18.jpg'),
(158, 5, 'https://cdn2.cellphones.com.vn/x/media/catalog/product/o/p/oppo-reno15f-5g-3.jpg'),
(159, 5, 'https://cdn2.cellphones.com.vn/x/media/catalog/product/o/p/oppo-reno15f-5g-11.jpg'),
(160, 5, 'https://cdn2.cellphones.com.vn/x/media/catalog/product/o/p/oppo-reno15f-5g-14.jpg'),
(161, 5, 'https://cdn2.cellphones.com.vn/x/media/catalog/product/o/p/oppo-reno15f-5g-5.jpg'),
(162, 5, 'https://cdn2.cellphones.com.vn/x/media/catalog/product/o/p/oppo-reno15f-5g-9.jpg'),
(163, 5, 'https://cdn2.cellphones.com.vn/x/media/catalog/product/o/p/oppo-reno15f-5g-22.jpg'),
(164, 5, 'https://cdn2.cellphones.com.vn/x/media/catalog/product/o/p/oppo-reno15f-5g-7.jpg'),
(165, 6, 'https://cdn2.cellphones.com.vn/x/media/catalog/product/m/u/mua-redmi-note-14-pro-plus-5g-gia-re.jpg'),
(166, 6, 'https://cdn2.cellphones.com.vn/358x/media/wysiwyg/placehoder.png'),
(167, 6, 'https://cdn2.cellphones.com.vn/x/media/catalog/product/a/m/am-thanh-xiaomi-note-14-pro-plus-5g-cao-cap.jpg'),
(168, 6, 'https://cdn2.cellphones.com.vn/x/media/catalog/product/m/a/man-hinh-dien-thoai-xiaomi-redmi-note-14-pro-plus-6-67inch.jpg'),
(169, 6, 'https://cdn2.cellphones.com.vn/x/media/catalog/product/x/i/xiaomi_redmi_note_14_pro_plus_5g_8gb_256gb_-_2.png'),
(170, 6, 'https://cdn2.cellphones.com.vn/x/media/catalog/product/x/i/xiaomi_redmi_note_14_pro_plus_5g_8gb_256gb_-_4.png'),
(171, 6, 'https://cdn2.cellphones.com.vn/x/media/catalog/product/x/i/xiaomi_redmi_note_14_pro_plus_5g_8gb_256gb_-_1.png'),
(172, 6, 'https://cdn2.cellphones.com.vn/x/media/catalog/product/x/i/xiaomi_redmi_note_14_pro_plus_5g_8gb_256gb_-_3.png'),
(173, 6, 'https://cdn2.cellphones.com.vn/x/media/catalog/product/t/h/thiet-ke-mat-lung-xiaomi-redmi-note-14-5g-pro-plus-chinh-hang.jpg'),
(174, 6, 'https://cdn2.cellphones.com.vn/x/media/catalog/product/c/a/camera-redmi-note-14-pro-plus-50mp.jpg'),
(175, 6, 'https://cdn2.cellphones.com.vn/x/media/catalog/product/x/i/xiaomi_redmi_note_14_pro_plus_5g_8gb_256gb_-_5.png'),
(176, 6, 'https://cdn2.cellphones.com.vn/x/media/catalog/product/r/e/redmi-note-14-pro-plus-den-man-hinh-amoled.jpg'),
(177, 6, 'https://cdn2.cellphones.com.vn/x/media/catalog/product/d/i/dien-thoai-xiaomi-redmi-note-14-pro-plus-den.png'),
(178, 6, 'https://cdn2.cellphones.com.vn/x/media/catalog/product/m/a/man-hinh-note-14-pro-plus-5g-6-67inch.jpg'),
(179, 6, 'https://cdn2.cellphones.com.vn/x/media/catalog/product/t/h/thiet-ke-dien-thoai-xiaomi-redmi-note-14-pro-plus-cac-nut-nhan-hien-dai.jpg'),
(180, 6, 'https://cdn2.cellphones.com.vn/x/media/catalog/product/d/i/dien-thoai-xiaomi-redmi-note-14-pro-plus-1.jpg'),
(181, 6, 'https://cdn2.cellphones.com.vn/x/media/catalog/product/r/e/redmi-note-14-pro-plus-5g-camera.jpg'),
(182, 6, 'https://cdn2.cellphones.com.vn/x/media/catalog/product/d/i/dien-thoai-xiaomi-note-14-pro-plus-chinh-hang.jpg'),
(183, 6, 'https://cdn2.cellphones.com.vn/x/media/catalog/product/c/a/camera-truoc-redmi-note-14-pro-plus-5g.jpg'),
(184, 6, 'https://cdn2.cellphones.com.vn/x/media/catalog/product/r/e/redmi-note-14-pro-plus-xanh.jpg'),
(185, 6, 'https://cdn2.cellphones.com.vn/x/media/catalog/product/d/i/dien-thoai-xiaomi-note-14-pro-plus-chinh-hang-thiet-ke-vien-may.jpg'),
(186, 6, 'https://cdn2.cellphones.com.vn/x/media/catalog/product/r/e/redmi-note-14-pro-plus-gia-re-nhat-2025.jpg'),
(187, 6, 'https://cdn2.cellphones.com.vn/x/media/catalog/product/r/e/redmi-note-14-pro-plus-man-hinh-amoled-fhd.jpg'),
(188, 6, 'https://cdn2.cellphones.com.vn/x/media/catalog/product/x/i/xiaomi-redmi-note-14-pro-plus-5g-gia-re-thiet-ke-dep.jpg'),
(189, 6, 'https://cdn2.cellphones.com.vn/x/media/catalog/product/x/i/xiaomi-redmi-note-14-pro-plus.jpg'),
(190, 6, 'https://cdn2.cellphones.com.vn/x/media/catalog/product/t/h/thiet-ke-vien-may-redmi-note-14-pro-plus-chinh-hang.jpg'),
(191, 6, 'https://cdn2.cellphones.com.vn/x/media/catalog/product/d/i/dien-thoai-xiaomi-redmi-note-14-pro-plus-tim.png'),
(192, 6, 'https://cdn2.cellphones.com.vn/x/media/catalog/product/m/a/may-note-14-pro-plus-5g-den-chinh-hang.jpg'),
(193, 6, 'https://cdn2.cellphones.com.vn/x/media/catalog/product/m/a/man-hinh-dien-thoai-xiaomi-note-14-pro-plus-5g-chinh-hang.jpg'),
(194, 6, 'https://cdn2.cellphones.com.vn/x/media/catalog/product/r/e/redmi-note-14-pro-plus-5g-_en-vien-kim-loai.jpg'),
(195, 6, 'https://cdn2.cellphones.com.vn/x/media/catalog/product/r/e/redmi-note-14-pro-plus-5g-vien-kim-loai-tot.jpg'),
(196, 6, 'https://img.youtube.com/vi/YAXh1ca0i-k/maxresdefault.jpg'),
(197, 7, 'https://cdn2.cellphones.com.vn/358x/media/wysiwyg/placehoder.png'),
(198, 7, 'https://cdn2.cellphones.com.vn/x/media/catalog/product/d/i/dien-thoai-tecno-pova-7-256gb_12_.png'),
(199, 7, 'https://cdn2.cellphones.com.vn/x/media/catalog/product/d/i/dien-thoai-tecno-pova-7-256gb_11_.png'),
(200, 7, 'https://cdn2.cellphones.com.vn/x/media/catalog/product/d/i/dien-thoai-tecno-pova-7-256gb_15_.png'),
(201, 7, 'https://cdn2.cellphones.com.vn/x/media/catalog/product/d/i/dien-thoai-tecno-pova-7-256gb_10_.png'),
(202, 7, 'https://cdn2.cellphones.com.vn/x/media/catalog/product/d/i/dien-thoai-tecno-pova-7-256gb_18_.png'),
(203, 7, 'https://cdn2.cellphones.com.vn/x/media/catalog/product/d/i/dien-thoai-tecno-pova-7-256gb_14_.png'),
(204, 7, 'https://cdn2.cellphones.com.vn/x/media/catalog/product/t/e/techno-pova-7-1.jpg'),
(205, 7, 'https://cdn2.cellphones.com.vn/x/media/catalog/product/t/e/techno-pova-7-2.jpg'),
(206, 7, 'https://cdn2.cellphones.com.vn/x/media/catalog/product/d/i/dien-thoai-tecno-pova-7-256gb_21_.png'),
(207, 7, 'https://cdn2.cellphones.com.vn/x/media/catalog/product/d/i/dien-thoai-tecno-pova-7-256gb_20_.png'),
(208, 7, 'https://cdn2.cellphones.com.vn/x/media/catalog/product/d/i/dien-thoai-tecno-pova-7-256gb_13_.png'),
(209, 7, 'https://cdn2.cellphones.com.vn/x/media/catalog/product/t/e/techno-pova-7.jpg'),
(210, 7, 'https://cdn2.cellphones.com.vn/x/media/catalog/product/d/i/dien-thoai-tecno-pova-7-256gb_5_.png'),
(211, 7, 'https://cdn2.cellphones.com.vn/x/media/catalog/product/t/e/techno-pova-7-4.jpg'),
(212, 7, 'https://cdn2.cellphones.com.vn/x/media/catalog/product/d/i/dien-thoai-tecno-pova-7-256gb_4_.png'),
(213, 7, 'https://cdn2.cellphones.com.vn/x/media/catalog/product/t/e/techno-pova-7-3.jpg'),
(214, 7, 'https://cdn2.cellphones.com.vn/x/media/catalog/product/d/i/dien-thoai-tecno-pova-7-256gb_3_.png'),
(215, 7, 'https://cdn2.cellphones.com.vn/x/media/catalog/product/d/i/dien-thoai-tecno-pova-7-256gb_8_.png'),
(216, 7, 'https://cdn2.cellphones.com.vn/x/media/catalog/product/d/i/dien-thoai-tecno-pova-7-256gb_23_.png'),
(217, 7, 'https://cdn2.cellphones.com.vn/x/media/catalog/product/d/i/dien-thoai-tecno-pova-7-256gb_16_.png'),
(218, 7, 'https://cdn2.cellphones.com.vn/x/media/catalog/product/d/i/dien-thoai-tecno-pova-7-256gb_6_.png'),
(219, 7, 'https://cdn2.cellphones.com.vn/x/media/catalog/product/d/i/dien-thoai-tecno-pova-7-256gb_19_.png'),
(220, 7, 'https://cdn2.cellphones.com.vn/x/media/catalog/product/d/i/dien-thoai-tecno-pova-7-256gb_22_.png'),
(221, 7, 'https://cdn2.cellphones.com.vn/x/media/catalog/product/d/i/dien-thoai-tecno-pova-7-256gb_7_.png'),
(222, 7, 'https://cdn2.cellphones.com.vn/x/media/catalog/product/d/i/dien-thoai-tecno-pova-7-256gb_9_.png'),
(223, 7, 'https://cdn2.cellphones.com.vn/x/media/catalog/product/d/i/dien-thoai-tecno-pova-7-256gb_17_.png'),
(224, 8, 'https://cdn2.cellphones.com.vn/x/media/catalog/product/o/p/oppo-find-n6-0.jpg'),
(225, 8, 'https://cdn2.cellphones.com.vn/358x/media/wysiwyg/placehoder.png'),
(226, 8, 'https://cdn2.cellphones.com.vn/x/media/catalog/product/o/p/oppo-find-n6-titan-0.jpg'),
(227, 8, 'https://cdn2.cellphones.com.vn/x/media/catalog/product/k/s/ksp.jpg'),
(228, 9, 'https://cdn2.cellphones.com.vn/x/media/catalog/product/s/l/slider-samsung-galaxy-a17-5g-1.jpg'),
(229, 9, 'https://cdn2.cellphones.com.vn/x/media/catalog/product/s/l/slider-samsung-galaxy-a17-5g_1.jpg'),
(230, 9, 'https://cdn2.cellphones.com.vn/358x/media/wysiwyg/placehoder.png'),
(231, 9, 'https://cdn2.cellphones.com.vn/x/media/catalog/product/s/a/samsung-galaxy-a17-5g-blue-7.jpg'),
(232, 9, 'https://cdn2.cellphones.com.vn/x/media/catalog/product/s/a/samsung-galaxy-a17-5g-back-6.jpg'),
(233, 9, 'https://cdn2.cellphones.com.vn/x/media/catalog/product/s/a/samsung-galaxy-a17-5g-blue-2.jpg'),
(234, 9, 'https://cdn2.cellphones.com.vn/x/media/catalog/product/s/a/samsung-galaxy-a17-5g-back-5.jpg'),
(235, 9, 'https://cdn2.cellphones.com.vn/x/media/catalog/product/s/a/samsung-galaxy-a17-5g-gray-1.jpg'),
(236, 9, 'https://cdn2.cellphones.com.vn/x/media/catalog/product/s/a/samsung-galaxy-a17-5g-blue-6.jpg'),
(237, 9, 'https://cdn2.cellphones.com.vn/x/media/catalog/product/s/a/samsung-galaxy-a17-5g-gray-8.jpg'),
(238, 9, 'https://cdn2.cellphones.com.vn/x/media/catalog/product/s/a/samsung-galaxy-a17-5g-gray-3.jpg'),
(239, 9, 'https://cdn2.cellphones.com.vn/x/media/catalog/product/s/a/samsung-galaxy-a17-5g-gray-2.jpg'),
(240, 9, 'https://cdn2.cellphones.com.vn/x/media/catalog/product/s/a/samsung-galaxy-a17-5g-back-2.jpg'),
(241, 9, 'https://cdn2.cellphones.com.vn/x/media/catalog/product/s/a/samsung-galaxy-a17-5g-blue-3.jpg'),
(242, 9, 'https://cdn2.cellphones.com.vn/x/media/catalog/product/s/a/samsung-galaxy-a17-5g-back-7.jpg'),
(243, 9, 'https://cdn2.cellphones.com.vn/x/media/catalog/product/s/a/samsung-galaxy-a17-5g-back-3.jpg'),
(244, 9, 'https://cdn2.cellphones.com.vn/x/media/catalog/product/s/a/samsung-galaxy-a17-5g-back-4.jpg'),
(245, 9, 'https://cdn2.cellphones.com.vn/x/media/catalog/product/s/a/samsung-galaxy-a17-5g-gray.jpg'),
(246, 9, 'https://cdn2.cellphones.com.vn/x/media/catalog/product/s/a/samsung-galaxy-a17-5g-blue.jpg'),
(247, 9, 'https://cdn2.cellphones.com.vn/x/media/catalog/product/s/a/samsung-galaxy-a17-5g-blue-8.jpg'),
(248, 9, 'https://cdn2.cellphones.com.vn/x/media/catalog/product/s/a/samsung-galaxy-a17-5g-gray-4.jpg'),
(249, 9, 'https://cdn2.cellphones.com.vn/x/media/catalog/product/s/l/slider-samsung-galaxy-a17-5g-3.jpg'),
(250, 9, 'https://cdn2.cellphones.com.vn/x/media/catalog/product/s/l/slider-samsung-galaxy-a17-5g-2.jpg'),
(251, 9, 'https://cdn2.cellphones.com.vn/x/media/catalog/product/s/a/samsung-galaxy-a17-5g-gray-7.jpg'),
(252, 9, 'https://cdn2.cellphones.com.vn/x/media/catalog/product/s/a/samsung-galaxy-a17-5g-gray-5.jpg'),
(253, 9, 'https://cdn2.cellphones.com.vn/x/media/catalog/product/s/a/samsung-galaxy-a17-5g-gray-6.jpg'),
(254, 9, 'https://cdn2.cellphones.com.vn/x/media/catalog/product/s/a/samsung-galaxy-a17-5g-back.jpg'),
(255, 9, 'https://cdn2.cellphones.com.vn/x/media/catalog/product/s/a/samsung-galaxy-a17-5g-back-8.jpg'),
(256, 9, 'https://cdn2.cellphones.com.vn/x/media/catalog/product/s/a/samsung-galaxy-a17-5g-blue-4.jpg'),
(257, 9, 'https://cdn2.cellphones.com.vn/x/media/catalog/product/s/l/slider-samsung-galaxy-a17-5g-4.jpg'),
(258, 9, 'https://cdn2.cellphones.com.vn/x/media/catalog/product/s/a/samsung-galaxy-a17-5g-blue-1.jpg'),
(259, 9, 'https://cdn2.cellphones.com.vn/x/media/catalog/product/s/a/samsung-galaxy-a17-5g-blue-5.jpg'),
(260, 9, 'https://cdn2.cellphones.com.vn/x/media/catalog/product/s/a/samsung-galaxy-a17-5g-back-1.jpg'),
(261, 10, 'https://cdn2.cellphones.com.vn/358x/media/wysiwyg/placehoder.png'),
(262, 10, 'https://cdn2.cellphones.com.vn/x/media/catalog/product/d/i/dien-thoai-tecno-pova-7_3_.png'),
(263, 10, 'https://cdn2.cellphones.com.vn/x/media/catalog/product/d/i/dien-thoai-tecno-pova-7_17_.png'),
(264, 10, 'https://cdn2.cellphones.com.vn/x/media/catalog/product/d/i/dien-thoai-tecno-pova-7_4_.png'),
(265, 10, 'https://cdn2.cellphones.com.vn/x/media/catalog/product/d/i/dien-thoai-tecno-pova-7_15_.png'),
(266, 10, 'https://cdn2.cellphones.com.vn/x/media/catalog/product/s/l/slider-techno-pova-7_1.jpg'),
(267, 10, 'https://cdn2.cellphones.com.vn/x/media/catalog/product/d/i/dien-thoai-tecno-pova-7_20_.png'),
(268, 10, 'https://cdn2.cellphones.com.vn/x/media/catalog/product/d/i/dien-thoai-tecno-pova-7_6_.png'),
(269, 10, 'https://cdn2.cellphones.com.vn/x/media/catalog/product/s/l/slider-techno-pova-7.jpg'),
(270, 10, 'https://cdn2.cellphones.com.vn/x/media/catalog/product/d/i/dien-thoai-tecno-pova-7_14_.png'),
(271, 10, 'https://cdn2.cellphones.com.vn/x/media/catalog/product/d/i/dien-thoai-tecno-pova-7_1_.png'),
(272, 10, 'https://cdn2.cellphones.com.vn/x/media/catalog/product/d/i/dien-thoai-tecno-pova-7_5_.png'),
(273, 10, 'https://cdn2.cellphones.com.vn/x/media/catalog/product/d/i/dien-thoai-tecno-pova-7_19_.png'),
(274, 10, 'https://cdn2.cellphones.com.vn/x/media/catalog/product/d/i/dien-thoai-tecno-pova-7_13_.png'),
(275, 10, 'https://cdn2.cellphones.com.vn/x/media/catalog/product/d/i/dien-thoai-tecno-pova-7_8_.png'),
(276, 10, 'https://cdn2.cellphones.com.vn/x/media/catalog/product/d/i/dien-thoai-tecno-pova-7_16_.png'),
(277, 10, 'https://cdn2.cellphones.com.vn/x/media/catalog/product/d/i/dien-thoai-tecno-pova-7_7_.png'),
(278, 10, 'https://cdn2.cellphones.com.vn/x/media/catalog/product/d/i/dien-thoai-tecno-pova-7_2_.png'),
(279, 10, 'https://cdn2.cellphones.com.vn/x/media/catalog/product/s/l/slider-techno-pova-7-3.jpg'),
(280, 10, 'https://cdn2.cellphones.com.vn/x/media/catalog/product/s/l/slider-techno-pova-7-4.jpg'),
(281, 10, 'https://cdn2.cellphones.com.vn/x/media/catalog/product/d/i/dien-thoai-tecno-pova-7_12_.png'),
(282, 10, 'https://cdn2.cellphones.com.vn/x/media/catalog/product/d/i/dien-thoai-tecno-pova-7_11_.png'),
(283, 10, 'https://cdn2.cellphones.com.vn/x/media/catalog/product/d/i/dien-thoai-tecno-pova-7_9_.png'),
(284, 10, 'https://cdn2.cellphones.com.vn/x/media/catalog/product/d/i/dien-thoai-tecno-pova-7.png'),
(285, 10, 'https://cdn2.cellphones.com.vn/x/media/catalog/product/d/i/dien-thoai-tecno-pova-7_18_.png'),
(286, 10, 'https://cdn2.cellphones.com.vn/x/media/catalog/product/d/i/dien-thoai-tecno-pova-7_10_.png'),
(287, 10, 'https://cdn2.cellphones.com.vn/x/media/catalog/product/s/l/slider-techno-pova-7-2.jpg'),
(288, 11, 'https://cdn2.cellphones.com.vn/x/media/catalog/product/d/i/dien-thoai-honor-x9d-6_2.jpg'),
(289, 11, 'https://cdn2.cellphones.com.vn/x/media/catalog/product/d/i/dien-thoai-honor-x9d-1_4.jpg'),
(290, 11, 'https://cdn2.cellphones.com.vn/x/media/catalog/product/d/i/dien-thoai-honor-x9d-5_4.jpg'),
(291, 11, 'https://cdn2.cellphones.com.vn/x/media/catalog/product/d/i/dien-thoai-honor-x9d-4_3.jpg'),
(292, 11, 'https://cdn2.cellphones.com.vn/358x/media/wysiwyg/placehoder.png'),
(293, 11, 'https://cdn2.cellphones.com.vn/x/media/catalog/product/d/i/dien-thoai-honor-x9d-6_1.jpg'),
(294, 11, 'https://cdn2.cellphones.com.vn/x/media/catalog/product/d/i/dien-thoai-honor-x9d-2_1.jpg'),
(295, 11, 'https://cdn2.cellphones.com.vn/x/media/catalog/product/s/l/slider-honor-x9d-12gb-512gb.jpg'),
(296, 11, 'https://cdn2.cellphones.com.vn/x/media/catalog/product/d/i/dien-thoai-honor-x9d-3_3.jpg'),
(297, 11, 'https://cdn2.cellphones.com.vn/x/media/catalog/product/d/i/dien-thoai-honor-x9d-3_1.jpg'),
(298, 11, 'https://cdn2.cellphones.com.vn/x/media/catalog/product/s/l/slider-honor-x9d-12gb-512gb-1_1.jpg'),
(299, 11, 'https://cdn2.cellphones.com.vn/x/media/catalog/product/d/i/dien-thoai-honor-x9d-4_2.jpg'),
(300, 11, 'https://cdn2.cellphones.com.vn/x/media/catalog/product/d/i/dien-thoai-honor-x9d-4_4.jpg'),
(301, 11, 'https://cdn2.cellphones.com.vn/x/media/catalog/product/d/i/dien-thoai-honor-x9d_4.jpg'),
(302, 11, 'https://cdn2.cellphones.com.vn/x/media/catalog/product/d/i/dien-thoai-honor-x9d-11_2.jpg'),
(303, 11, 'https://cdn2.cellphones.com.vn/x/media/catalog/product/d/i/dien-thoai-honor-x9d_3.jpg'),
(304, 11, 'https://cdn2.cellphones.com.vn/x/media/catalog/product/d/i/dien-thoai-honor-x9d-6_3.jpg'),
(305, 11, 'https://cdn2.cellphones.com.vn/x/media/catalog/product/d/i/dien-thoai-honor-x9d-8_2.jpg'),
(306, 11, 'https://cdn2.cellphones.com.vn/x/media/catalog/product/d/i/dien-thoai-honor-x9d-11_1.jpg'),
(307, 11, 'https://cdn2.cellphones.com.vn/x/media/catalog/product/d/i/dien-thoai-honor-x9d-10_1.jpg'),
(308, 11, 'https://cdn2.cellphones.com.vn/x/media/catalog/product/d/i/dien-thoai-honor-x9d-7_4.jpg'),
(309, 11, 'https://cdn2.cellphones.com.vn/x/media/catalog/product/d/i/dien-thoai-honor-x9d-1_5.jpg'),
(310, 11, 'https://cdn2.cellphones.com.vn/x/media/catalog/product/s/l/slider-honor-x9d-12gb-512gb-3.jpg'),
(311, 11, 'https://cdn2.cellphones.com.vn/x/media/catalog/product/d/i/dien-thoai-honor-x9d-5_5.jpg'),
(312, 11, 'https://cdn2.cellphones.com.vn/x/media/catalog/product/s/l/slider-honor-x9d-12gb-512gb-4.jpg'),
(313, 11, 'https://cdn2.cellphones.com.vn/x/media/catalog/product/d/i/dien-thoai-honor-x9d-3_5.jpg'),
(314, 11, 'https://cdn2.cellphones.com.vn/x/media/catalog/product/d/i/dien-thoai-honor-x9d-9_1.jpg'),
(315, 11, 'https://cdn2.cellphones.com.vn/x/media/catalog/product/d/i/dien-thoai-honor-x9d-6_4.jpg'),
(316, 11, 'https://cdn2.cellphones.com.vn/x/media/catalog/product/d/i/dien-thoai-honor-x9d-7_2.jpg'),
(317, 11, 'https://cdn2.cellphones.com.vn/x/media/catalog/product/s/l/slider-honor-x9d-12gb-512gb-2.jpg'),
(318, 11, 'https://cdn2.cellphones.com.vn/x/media/catalog/product/d/i/dien-thoai-honor-x9d-3_4.jpg'),
(319, 11, 'https://cdn2.cellphones.com.vn/x/media/catalog/product/d/i/dien-thoai-honor-x9d-8_1.jpg'),
(320, 11, 'https://cdn2.cellphones.com.vn/x/media/catalog/product/d/i/dien-thoai-honor-x9d-7_3.jpg'),
(321, 11, 'https://cdn2.cellphones.com.vn/x/media/catalog/product/d/i/dien-thoai-honor-x9d-5_3.jpg'),
(322, 11, 'https://cdn2.cellphones.com.vn/x/media/catalog/product/d/i/dien-thoai-honor-x9d-10_2.jpg'),
(323, 11, 'https://cdn2.cellphones.com.vn/x/media/catalog/product/d/i/dien-thoai-honor-x9d-1_3.jpg'),
(324, 11, 'https://cdn2.cellphones.com.vn/x/media/catalog/product/d/i/dien-thoai-honor-x9d-2_4.jpg'),
(325, 11, 'https://cdn2.cellphones.com.vn/x/media/catalog/product/d/i/dien-thoai-honor-x9d-2_3.jpg'),
(326, 11, 'https://cdn2.cellphones.com.vn/x/media/catalog/product/d/i/dien-thoai-honor-x9d-2_5.jpg'),
(327, 12, 'https://cdn2.cellphones.com.vn/x/media/catalog/product/n/o/nothing_phone_2a_plus_12gb_256gb_-_3.png'),
(328, 12, 'https://cdn2.cellphones.com.vn/x/media/catalog/product/n/o/nothing_phone_2a_plus_12gb_256gb_-_1.png'),
(329, 12, 'https://cdn2.cellphones.com.vn/x/media/catalog/product/n/o/nothing_phone_2a_plus_12gb_256gb_-_4.png'),
(330, 12, 'https://cdn2.cellphones.com.vn/358x/media/wysiwyg/placehoder.png'),
(331, 12, 'https://cdn2.cellphones.com.vn/x/media/catalog/product/d/i/dien-thoai-nothing-phone-2a-plus_3_.png'),
(332, 12, 'https://img.youtube.com/vi/qygNcvRF9S4/maxresdefault.jpg'),
(333, 12, 'https://cdn2.cellphones.com.vn/x/media/catalog/product/d/i/dien-thoai-nothing-phone-2a-plus_2_.png'),
(334, 12, 'https://cdn2.cellphones.com.vn/x/media/catalog/product/n/o/nothing_phone_2a_plus_12gb_256gb_-_2.png'),
(335, 12, 'https://cdn2.cellphones.com.vn/x/media/catalog/product/d/i/dien-thoai-nothing-phone-2a-plus_5_.png'),
(336, 12, 'https://cdn2.cellphones.com.vn/x/media/catalog/product/d/i/dien-thoai-nothing-phone-2a-plus_4_.png'),
(337, 12, 'https://cdn2.cellphones.com.vn/x/media/catalog/product/d/i/dien-thoai-nothing-phone-2a-plus_1_.png'),
(338, 12, 'https://cdn2.cellphones.com.vn/x/media/catalog/product/n/o/nothing_phone_2a_plus_12gb_256gb_-_5.png'),
(339, 12, 'https://cdn2.cellphones.com.vn/x/media/catalog/product/d/i/dien-thoai-nothing-phone-2a-plus.png'),
(340, 13, 'https://cdn2.cellphones.com.vn/x/media/catalog/product/s/a/samsung-galaxy-s26-19.jpg'),
(341, 13, 'https://cdn2.cellphones.com.vn/x/media/catalog/product/s/a/samsung-galaxy-s26-28.jpg'),
(342, 13, 'https://cdn2.cellphones.com.vn/x/media/catalog/product/s/a/samsung-galaxy-s26-16.jpg'),
(343, 13, 'https://cdn2.cellphones.com.vn/x/media/catalog/product/s/a/samsung-galaxy-s26-9.jpg'),
(344, 13, 'https://cdn2.cellphones.com.vn/x/media/catalog/product/s/a/samsung-galaxy-s26-24.jpg'),
(345, 13, 'https://cdn2.cellphones.com.vn/358x/media/wysiwyg/placehoder.png'),
(346, 13, 'https://cdn2.cellphones.com.vn/x/media/catalog/product/s/a/samsung-galaxy-s26.jpg'),
(347, 13, 'https://cdn2.cellphones.com.vn/x/media/catalog/product/s/a/samsung-galaxy-s26-8.jpg'),
(348, 13, 'https://cdn2.cellphones.com.vn/x/media/catalog/product/s/a/samsung-galaxy-s26-14.jpg'),
(349, 13, 'https://cdn2.cellphones.com.vn/x/media/catalog/product/s/a/samsung-galaxy-s26-7.jpg'),
(350, 13, 'https://cdn2.cellphones.com.vn/x/media/catalog/product/s/a/samsung-galaxy-s26-13.jpg'),
(351, 13, 'https://cdn2.cellphones.com.vn/x/media/catalog/product/s/a/samsung-galaxy-s26-32.jpg'),
(352, 13, 'https://cdn2.cellphones.com.vn/x/media/catalog/product/s/a/samsung-galaxy-s26-21.jpg'),
(353, 13, 'https://cdn2.cellphones.com.vn/x/media/catalog/product/s/a/samsung-galaxy-s26-38.jpg'),
(354, 13, 'https://img.youtube.com/vi/tDlZhAC7vj0/maxresdefault.jpg'),
(355, 13, 'https://cdn2.cellphones.com.vn/x/media/catalog/product/s/a/samsung-galaxy-s26-3.jpg'),
(356, 13, 'https://cdn2.cellphones.com.vn/x/media/catalog/product/s/a/samsung-galaxy-s26-2.jpg'),
(357, 13, 'https://cdn2.cellphones.com.vn/x/media/catalog/product/s/a/samsung-galaxy-s26-22.jpg'),
(358, 13, 'https://cdn2.cellphones.com.vn/x/media/catalog/product/s/a/samsung-galaxy-s26-26.jpg'),
(359, 13, 'https://cdn2.cellphones.com.vn/x/media/catalog/product/s/a/samsung-galaxy-s26-18.jpg'),
(360, 13, 'https://cdn2.cellphones.com.vn/x/media/catalog/product/s/a/samsung-galaxy-s26-35.jpg'),
(361, 13, 'https://cdn2.cellphones.com.vn/x/media/catalog/product/s/a/samsung-galaxy-s26-27.jpg'),
(362, 13, 'https://cdn2.cellphones.com.vn/x/media/catalog/product/s/a/samsung-galaxy-s26-23.jpg'),
(363, 13, 'https://cdn2.cellphones.com.vn/x/media/catalog/product/s/a/samsung-galaxy-s26-39.jpg'),
(364, 13, 'https://cdn2.cellphones.com.vn/x/media/catalog/product/s/a/samsung-galaxy-s26-4.jpg'),
(365, 13, 'https://cdn2.cellphones.com.vn/x/media/catalog/product/s/a/samsung-galaxy-s26-11.jpg'),
(366, 13, 'https://cdn2.cellphones.com.vn/x/media/catalog/product/s/a/samsung-galaxy-s26-34.jpg'),
(367, 13, 'https://cdn2.cellphones.com.vn/x/media/catalog/product/s/a/samsung-galaxy-s26-30.jpg'),
(368, 13, 'https://cdn2.cellphones.com.vn/x/media/catalog/product/s/a/samsung-galaxy-s26-17.jpg'),
(369, 13, 'https://cdn2.cellphones.com.vn/x/media/catalog/product/s/a/samsung-galaxy-s26-6.jpg'),
(370, 13, 'https://cdn2.cellphones.com.vn/x/media/catalog/product/s/a/samsung-galaxy-s26-37.jpg'),
(371, 13, 'https://cdn2.cellphones.com.vn/x/media/catalog/product/s/a/samsung-galaxy-s26-10.jpg'),
(372, 13, 'https://cdn2.cellphones.com.vn/x/media/catalog/product/s/a/samsung-galaxy-s26-5.jpg'),
(373, 13, 'https://cdn2.cellphones.com.vn/x/media/catalog/product/s/a/samsung-galaxy-s26-15.jpg'),
(374, 13, 'https://cdn2.cellphones.com.vn/x/media/catalog/product/s/a/samsung-galaxy-s26-1.jpg'),
(375, 13, 'https://cdn2.cellphones.com.vn/x/media/catalog/product/s/a/samsung-galaxy-s26-29.jpg'),
(376, 13, 'https://cdn2.cellphones.com.vn/x/media/catalog/product/s/a/samsung-galaxy-s26-20.jpg'),
(377, 13, 'https://cdn2.cellphones.com.vn/x/media/catalog/product/s/a/samsung-galaxy-s26-31.jpg'),
(378, 13, 'https://cdn2.cellphones.com.vn/x/media/catalog/product/s/a/samsung-galaxy-s26-33.jpg'),
(379, 13, 'https://cdn2.cellphones.com.vn/x/media/catalog/product/s/a/samsung-galaxy-s26-25.jpg'),
(380, 13, 'https://cdn2.cellphones.com.vn/x/media/catalog/product/s/a/samsung-galaxy-s26-12.jpg'),
(381, 13, 'https://cdn2.cellphones.com.vn/x/media/catalog/product/s/a/samsung-galaxy-s26-36.jpg'),
(382, 14, 'https://cdn2.cellphones.com.vn/x/media/catalog/product/s/a/samsung-galaxy-s26-ultra-26.jpg'),
(383, 14, 'https://cdn2.cellphones.com.vn/x/media/catalog/product/s/a/samsung-galaxy-s26-ultra-23.jpg'),
(384, 14, 'https://cdn2.cellphones.com.vn/358x/media/wysiwyg/placehoder.png'),
(385, 14, 'https://img.youtube.com/vi/kefzNWEZG4k/maxresdefault.jpg'),
(386, 14, 'https://cdn2.cellphones.com.vn/x/media/catalog/product/s/a/samsung-galaxy-s26-ultra-29.jpg'),
(387, 14, 'https://cdn2.cellphones.com.vn/x/media/catalog/product/s/a/samsung-galaxy-s26-ultra-9.jpg'),
(388, 14, 'https://cdn2.cellphones.com.vn/x/media/catalog/product/s/a/samsung-galaxy-s26-ultra-5.jpg'),
(389, 14, 'https://cdn2.cellphones.com.vn/x/media/catalog/product/s/a/samsung-galaxy-s26-ultra-6.jpg'),
(390, 14, 'https://cdn2.cellphones.com.vn/x/media/catalog/product/s/a/samsung-galaxy-s26-ultra-22.jpg'),
(391, 14, 'https://cdn2.cellphones.com.vn/x/media/catalog/product/s/a/samsung-galaxy-s26-ultra-41.jpg'),
(392, 14, 'https://cdn2.cellphones.com.vn/x/media/catalog/product/s/a/samsung-galaxy-s26-ultra-31.jpg'),
(393, 14, 'https://cdn2.cellphones.com.vn/x/media/catalog/product/s/a/samsung-galaxy-s26-ultra-39.jpg'),
(394, 14, 'https://cdn2.cellphones.com.vn/x/media/catalog/product/s/a/samsung-galaxy-s26-ultra-13.jpg'),
(395, 14, 'https://cdn2.cellphones.com.vn/x/media/catalog/product/s/a/samsung-galaxy-s26-ultra-27.jpg'),
(396, 14, 'https://cdn2.cellphones.com.vn/x/media/catalog/product/s/a/samsung-galaxy-s26-ultra-16.jpg'),
(397, 14, 'https://cdn2.cellphones.com.vn/x/media/catalog/product/s/a/samsung-galaxy-s26-ultra-36.jpg'),
(398, 14, 'https://cdn2.cellphones.com.vn/x/media/catalog/product/s/a/samsung-galaxy-s26-ultra-34.jpg'),
(399, 14, 'https://cdn2.cellphones.com.vn/x/media/catalog/product/s/a/samsung-galaxy-s26-ultra-19.jpg'),
(400, 14, 'https://cdn2.cellphones.com.vn/x/media/catalog/product/s/a/samsung-galaxy-s26-ultra-25.jpg'),
(401, 14, 'https://cdn2.cellphones.com.vn/x/media/catalog/product/s/a/samsung-galaxy-s26-ultra-30.jpg'),
(402, 14, 'https://cdn2.cellphones.com.vn/x/media/catalog/product/s/a/samsung-galaxy-s26-ultra-12.jpg'),
(403, 14, 'https://cdn2.cellphones.com.vn/x/media/catalog/product/s/a/samsung-galaxy-s26-ultra-35.jpg'),
(404, 14, 'https://cdn2.cellphones.com.vn/x/media/catalog/product/s/a/samsung-galaxy-s26-ultra-3.jpg'),
(405, 14, 'https://cdn2.cellphones.com.vn/x/media/catalog/product/s/a/samsung-galaxy-s26-ultra-2.jpg'),
(406, 14, 'https://cdn2.cellphones.com.vn/x/media/catalog/product/s/a/samsung-galaxy-s26-ultra-7.jpg'),
(407, 14, 'https://cdn2.cellphones.com.vn/x/media/catalog/product/s/a/samsung-galaxy-s26-ultra-8.jpg'),
(408, 14, 'https://cdn2.cellphones.com.vn/x/media/catalog/product/s/a/samsung-galaxy-s26-ultra.jpg'),
(409, 14, 'https://cdn2.cellphones.com.vn/x/media/catalog/product/s/a/samsung-galaxy-s26-ultra-37.jpg'),
(410, 14, 'https://cdn2.cellphones.com.vn/x/media/catalog/product/s/a/samsung-galaxy-s26-ultra-1.jpg'),
(411, 14, 'https://cdn2.cellphones.com.vn/x/media/catalog/product/s/a/samsung-galaxy-s26-ultra-4.jpg'),
(412, 14, 'https://cdn2.cellphones.com.vn/x/media/catalog/product/s/a/samsung-galaxy-s26-ultra-32.jpg'),
(413, 14, 'https://cdn2.cellphones.com.vn/x/media/catalog/product/s/a/samsung-galaxy-s26-ultra-40.jpg'),
(414, 14, 'https://cdn2.cellphones.com.vn/x/media/catalog/product/s/a/samsung-galaxy-s26-ultra-38.jpg'),
(415, 14, 'https://cdn2.cellphones.com.vn/x/media/catalog/product/s/a/samsung-galaxy-s26-ultra-18.jpg'),
(416, 14, 'https://cdn2.cellphones.com.vn/x/media/catalog/product/s/a/samsung-galaxy-s26-ultra-21.jpg'),
(417, 14, 'https://cdn2.cellphones.com.vn/x/media/catalog/product/s/a/samsung-galaxy-s26-ultra-14.jpg'),
(418, 14, 'https://cdn2.cellphones.com.vn/x/media/catalog/product/s/a/samsung-galaxy-s26-ultra-11.jpg'),
(419, 14, 'https://cdn2.cellphones.com.vn/x/media/catalog/product/s/a/samsung-galaxy-s26-ultra-24.jpg'),
(420, 14, 'https://cdn2.cellphones.com.vn/x/media/catalog/product/s/a/samsung-galaxy-s26-ultra-43.jpg'),
(421, 14, 'https://cdn2.cellphones.com.vn/x/media/catalog/product/s/a/samsung-galaxy-s26-ultra-17.jpg'),
(422, 14, 'https://cdn2.cellphones.com.vn/x/media/catalog/product/s/a/samsung-galaxy-s26-ultra-10.jpg'),
(423, 14, 'https://cdn2.cellphones.com.vn/x/media/catalog/product/s/a/samsung-galaxy-s26-ultra-15.jpg'),
(424, 14, 'https://cdn2.cellphones.com.vn/x/media/catalog/product/s/a/samsung-galaxy-s26-ultra-42.jpg'),
(425, 14, 'https://cdn2.cellphones.com.vn/x/media/catalog/product/s/a/samsung-galaxy-s26-ultra-28.jpg'),
(426, 14, 'https://cdn2.cellphones.com.vn/x/media/catalog/product/s/a/samsung-galaxy-s26-ultra-33.jpg'),
(427, 14, 'https://cdn2.cellphones.com.vn/x/media/catalog/product/s/a/samsung-galaxy-s26-ultra-20.jpg'),
(428, 15, 'https://cdn2.cellphones.com.vn/x/media/catalog/product/d/i/dien-thoai-xiaomi-poco-x8-pro-max-4.jpg'),
(429, 15, 'https://cdn2.cellphones.com.vn/x/media/catalog/product/d/i/dien-thoai-xiaomi-poco-x8-pro-max-1.jpg'),
(430, 15, 'https://cdn2.cellphones.com.vn/x/media/catalog/product/x/i/xiaomi-poco-x8-pro-max-5.jpg'),
(431, 15, 'https://cdn2.cellphones.com.vn/x/media/catalog/product/d/i/dien-thoai-xiaomi-poco-x8-pro-max.jpg'),
(432, 15, 'https://cdn2.cellphones.com.vn/x/media/catalog/product/x/i/xiaomi-poco-x8-pro-max_2.jpg'),
(433, 15, 'https://cdn2.cellphones.com.vn/x/media/catalog/product/d/i/dien-thoai-xiaomi-poco-x8-pro-max-2.jpg'),
(434, 15, 'https://cdn2.cellphones.com.vn/x/media/catalog/product/x/i/xiaomi-poco-x8-pro-max-2.jpg'),
(435, 15, 'https://cdn2.cellphones.com.vn/358x/media/wysiwyg/placehoder.png'),
(436, 15, 'https://cdn2.cellphones.com.vn/x/media/catalog/product/x/i/xiaomi-poco-x8-pro-max-4.jpg'),
(437, 15, 'https://cdn2.cellphones.com.vn/x/media/catalog/product/x/i/xiaomi-poco-x8-pro-max-3.jpg'),
(438, 15, 'https://cdn2.cellphones.com.vn/x/media/catalog/product/d/i/dien-thoai-xiaomi-poco-x8-pro-max-3.jpg'),
(439, 15, 'https://cdn2.cellphones.com.vn/x/media/catalog/product/x/i/xiaomi-poco-x8-pro-max-1.jpg'),
(440, 16, 'https://cdn2.cellphones.com.vn/x/media/catalog/product/s/a/samsung-galaxy-a07-black-8.jpg'),
(441, 16, 'https://cdn2.cellphones.com.vn/358x/media/wysiwyg/placehoder.png'),
(442, 16, 'https://cdn2.cellphones.com.vn/x/media/catalog/product/s/a/samsung-galaxy-a07-green-5.jpg'),
(443, 16, 'https://cdn2.cellphones.com.vn/x/media/catalog/product/s/a/samsung-galaxy-a07-violet-4.jpg'),
(444, 16, 'https://cdn2.cellphones.com.vn/x/media/catalog/product/s/a/samsung-galaxy-a07-green.jpg'),
(445, 16, 'https://cdn2.cellphones.com.vn/x/media/catalog/product/s/a/samsung-galaxy-a07-black-5.jpg'),
(446, 16, 'https://cdn2.cellphones.com.vn/x/media/catalog/product/s/a/samsung-galaxy-a07-violet-6.jpg'),
(447, 16, 'https://cdn2.cellphones.com.vn/x/media/catalog/product/s/a/samsung-galaxy-a07-black-4.jpg'),
(448, 16, 'https://cdn2.cellphones.com.vn/x/media/catalog/product/s/a/samsung-galaxy-a07-green-1.jpg'),
(449, 16, 'https://cdn2.cellphones.com.vn/x/media/catalog/product/s/a/samsung-galaxy-a07-violet-7.jpg'),
(450, 16, 'https://cdn2.cellphones.com.vn/x/media/catalog/product/s/a/samsung-galaxy-a07-black-7.jpg'),
(451, 16, 'https://cdn2.cellphones.com.vn/x/media/catalog/product/s/a/samsung-galaxy-a07-violet-2.jpg'),
(452, 16, 'https://cdn2.cellphones.com.vn/x/media/catalog/product/s/a/samsung-galaxy-a07-violet-3.jpg'),
(453, 16, 'https://cdn2.cellphones.com.vn/x/media/catalog/product/s/a/samsung-galaxy-a07-green-4.jpg'),
(454, 16, 'https://cdn2.cellphones.com.vn/x/media/catalog/product/s/a/samsung-galaxy-a07-violet-5.jpg'),
(455, 16, 'https://cdn2.cellphones.com.vn/x/media/catalog/product/s/a/samsung-galaxy-a07-black-1.jpg'),
(456, 16, 'https://cdn2.cellphones.com.vn/x/media/catalog/product/s/a/samsung-galaxy-a07-black.jpg'),
(457, 16, 'https://cdn2.cellphones.com.vn/x/media/catalog/product/s/l/slider-samsung-galaxy-a07-1.jpg'),
(458, 16, 'https://cdn2.cellphones.com.vn/x/media/catalog/product/s/a/samsung-galaxy-a07-black-2.jpg'),
(459, 16, 'https://cdn2.cellphones.com.vn/x/media/catalog/product/s/l/slider-samsung-galaxy-a07-2.jpg'),
(460, 16, 'https://cdn2.cellphones.com.vn/x/media/catalog/product/s/a/samsung-galaxy-a07-violet-1.jpg'),
(461, 16, 'https://cdn2.cellphones.com.vn/x/media/catalog/product/s/a/samsung-galaxy-a07-green-8.jpg'),
(462, 16, 'https://cdn2.cellphones.com.vn/x/media/catalog/product/s/a/samsung-galaxy-a07-green-6.jpg'),
(463, 16, 'https://cdn2.cellphones.com.vn/x/media/catalog/product/s/a/samsung-galaxy-a07-green-3.jpg'),
(464, 16, 'https://cdn2.cellphones.com.vn/x/media/catalog/product/s/l/slider-samsung-galaxy-a07.jpg'),
(465, 16, 'https://cdn2.cellphones.com.vn/x/media/catalog/product/s/a/samsung-galaxy-a07-black-3.jpg'),
(466, 16, 'https://cdn2.cellphones.com.vn/x/media/catalog/product/s/a/samsung-galaxy-a07-green-2.jpg'),
(467, 16, 'https://cdn2.cellphones.com.vn/x/media/catalog/product/s/l/slider-samsung-galaxy-a07-4.jpg'),
(468, 16, 'https://cdn2.cellphones.com.vn/x/media/catalog/product/s/a/samsung-galaxy-a07-violet.jpg'),
(469, 16, 'https://cdn2.cellphones.com.vn/x/media/catalog/product/s/l/slider-samsung-galaxy-a07-3.jpg'),
(470, 16, 'https://cdn2.cellphones.com.vn/x/media/catalog/product/s/a/samsung-galaxy-a07-black-6.jpg'),
(471, 16, 'https://cdn2.cellphones.com.vn/x/media/catalog/product/s/a/samsung-galaxy-a07-green-7.jpg'),
(472, 16, 'https://cdn2.cellphones.com.vn/x/media/catalog/product/s/a/samsung-galaxy-a07-violet-8.jpg'),
(473, 17, 'https://cdn2.cellphones.com.vn/x/media/catalog/product/s/a/samsung-galaxy-s26-ultra-3_1.jpg'),
(474, 17, 'https://cdn2.cellphones.com.vn/x/media/catalog/product/s/a/samsung-galaxy-s26-ultra-38_1.jpg'),
(475, 17, 'https://cdn2.cellphones.com.vn/x/media/catalog/product/s/a/samsung-galaxy-s26-ultra-43_1.jpg'),
(476, 17, 'https://cdn2.cellphones.com.vn/x/media/catalog/product/s/a/samsung-galaxy-s26-ultra-33_1.jpg'),
(477, 17, 'https://cdn2.cellphones.com.vn/x/media/catalog/product/s/a/samsung-galaxy-s26-ultra-34_1.jpg'),
(478, 17, 'https://cdn2.cellphones.com.vn/x/media/catalog/product/s/a/samsung-galaxy-s26-ultra-17_1.jpg'),
(479, 17, 'https://cdn2.cellphones.com.vn/x/media/catalog/product/s/a/samsung-galaxy-s26-ultra-10_1.jpg'),
(480, 17, 'https://cdn2.cellphones.com.vn/x/media/catalog/product/s/a/samsung-galaxy-s26-ultra-9_1.jpg'),
(481, 17, 'https://cdn2.cellphones.com.vn/x/media/catalog/product/s/a/samsung-galaxy-s26-ultra-25_1.jpg'),
(482, 17, 'https://img.youtube.com/vi/kefzNWEZG4k/maxresdefault.jpg'),
(483, 17, 'https://cdn2.cellphones.com.vn/358x/media/wysiwyg/placehoder.png'),
(484, 17, 'https://cdn2.cellphones.com.vn/x/media/catalog/product/s/a/samsung-galaxy-s26-ultra-36_1.jpg'),
(485, 17, 'https://cdn2.cellphones.com.vn/x/media/catalog/product/s/a/samsung-galaxy-s26-ultra-24_1.jpg'),
(486, 17, 'https://cdn2.cellphones.com.vn/x/media/catalog/product/s/a/samsung-galaxy-s26-ultra-40_1.jpg'),
(487, 17, 'https://cdn2.cellphones.com.vn/x/media/catalog/product/s/a/samsung-galaxy-s26-ultra-37_1.jpg'),
(488, 17, 'https://cdn2.cellphones.com.vn/x/media/catalog/product/s/a/samsung-galaxy-s26-ultra-14_1.jpg'),
(489, 17, 'https://cdn2.cellphones.com.vn/x/media/catalog/product/s/a/samsung-galaxy-s26-ultra-23_1.jpg'),
(490, 17, 'https://cdn2.cellphones.com.vn/x/media/catalog/product/s/a/samsung-galaxy-s26-ultra-26_1.jpg'),
(491, 17, 'https://cdn2.cellphones.com.vn/x/media/catalog/product/s/a/samsung-galaxy-s26-ultra-18_1.jpg'),
(492, 17, 'https://cdn2.cellphones.com.vn/x/media/catalog/product/s/a/samsung-galaxy-s26-ultra-19_1.jpg'),
(493, 17, 'https://cdn2.cellphones.com.vn/x/media/catalog/product/s/a/samsung-galaxy-s26-ultra-7_1.jpg'),
(494, 17, 'https://cdn2.cellphones.com.vn/x/media/catalog/product/s/a/samsung-galaxy-s26-ultra-41_1.jpg'),
(495, 17, 'https://cdn2.cellphones.com.vn/x/media/catalog/product/s/a/samsung-galaxy-s26-ultra-15_1.jpg'),
(496, 17, 'https://cdn2.cellphones.com.vn/x/media/catalog/product/s/a/samsung-galaxy-s26-ultra-21_1.jpg'),
(497, 17, 'https://cdn2.cellphones.com.vn/x/media/catalog/product/s/a/samsung-galaxy-s26-ultra-6_1.jpg'),
(498, 17, 'https://cdn2.cellphones.com.vn/x/media/catalog/product/s/a/samsung-galaxy-s26-ultra-5_1.jpg'),
(499, 17, 'https://cdn2.cellphones.com.vn/x/media/catalog/product/s/a/samsung-galaxy-s26-ultra-30_1.jpg'),
(500, 17, 'https://cdn2.cellphones.com.vn/x/media/catalog/product/s/a/samsung-galaxy-s26-ultra-35_1.jpg'),
(501, 17, 'https://cdn2.cellphones.com.vn/x/media/catalog/product/s/a/samsung-galaxy-s26-ultra_1.jpg'),
(502, 17, 'https://cdn2.cellphones.com.vn/x/media/catalog/product/s/a/samsung-galaxy-s26-ultra-1_1.jpg'),
(503, 17, 'https://cdn2.cellphones.com.vn/x/media/catalog/product/s/a/samsung-galaxy-s26-ultra-31_1.jpg'),
(504, 17, 'https://cdn2.cellphones.com.vn/x/media/catalog/product/s/a/samsung-galaxy-s26-ultra-27_1.jpg'),
(505, 17, 'https://cdn2.cellphones.com.vn/x/media/catalog/product/s/a/samsung-galaxy-s26-ultra-28_1.jpg'),
(506, 17, 'https://cdn2.cellphones.com.vn/x/media/catalog/product/s/a/samsung-galaxy-s26-ultra-16_1.jpg'),
(507, 17, 'https://cdn2.cellphones.com.vn/x/media/catalog/product/s/a/samsung-galaxy-s26-ultra-12_1.jpg'),
(508, 17, 'https://cdn2.cellphones.com.vn/x/media/catalog/product/s/a/samsung-galaxy-s26-ultra-42_1.jpg'),
(509, 17, 'https://cdn2.cellphones.com.vn/x/media/catalog/product/s/a/samsung-galaxy-s26-ultra-4_1.jpg'),
(510, 17, 'https://cdn2.cellphones.com.vn/x/media/catalog/product/s/a/samsung-galaxy-s26-ultra-39_1.jpg'),
(511, 17, 'https://cdn2.cellphones.com.vn/x/media/catalog/product/s/a/samsung-galaxy-s26-ultra-11_1.jpg'),
(512, 17, 'https://cdn2.cellphones.com.vn/x/media/catalog/product/s/a/samsung-galaxy-s26-ultra-20_1.jpg'),
(513, 17, 'https://cdn2.cellphones.com.vn/x/media/catalog/product/s/a/samsung-galaxy-s26-ultra-22_1.jpg'),
(514, 17, 'https://cdn2.cellphones.com.vn/x/media/catalog/product/s/a/samsung-galaxy-s26-ultra-29_1.jpg'),
(515, 17, 'https://cdn2.cellphones.com.vn/x/media/catalog/product/s/a/samsung-galaxy-s26-ultra-2_1.jpg'),
(516, 17, 'https://cdn2.cellphones.com.vn/x/media/catalog/product/s/a/samsung-galaxy-s26-ultra-32_1.jpg'),
(517, 17, 'https://cdn2.cellphones.com.vn/x/media/catalog/product/s/a/samsung-galaxy-s26-ultra-8_1.jpg'),
(518, 17, 'https://cdn2.cellphones.com.vn/x/media/catalog/product/s/a/samsung-galaxy-s26-ultra-13_1.jpg');

-- ===================== INSERT INVENTORY =====================
INSERT INTO inventory (product_id, quantity) VALUES
(1, 10),
(2, 10),
(3, 10),
(4, 10),
(5, 10),
(6, 10),
(7, 10),
(8, 10),
(9, 10),
(10, 10),
(11, 10),
(12, 10),
(13, 10),
(14, 10),
(15, 10),
(16, 10),
(17, 10);

-- ===================== INSERT REVIEWS =====================
INSERT INTO reviews (id, user_id, product_id, feedback, score, created_at) VALUES
(1, 1, 2, 'Samsung Galaxy S25 Ultra 12GB 256GB - (43 đánh giá)', 4, NOW()),
(2, 1, 6, 'Xiaomi Redmi Note 14 Pro Plus 5G 8GB 256GB - (84 đánh giá)', 5, NOW()),
(3, 1, 7, 'Tecno Pova 7 8GB 256GB - (7 đánh giá)', 4, NOW()),
(4, 1, 8, 'OPPO Find N6 16GB 512GB - (1 đánh giá)', 5, NOW()),
(5, 1, 9, 'Samsung Galaxy A17 5G 8GB 128GB - (1 đánh giá)', 5, NOW()),
(6, 1, 10, 'Tecno Pova 7 8GB 128GB - (9 đánh giá)', 4, NOW()),
(7, 1, 11, 'HONOR X9d 12GB 512GB - (3 đánh giá)', 5, NOW()),
(8, 1, 12, 'Nothing Phone 2A Plus 5G 12GB 256GB - (6 đánh giá)', 4, NOW()),
(9, 1, 14, 'Samsung Galaxy S26 Ultra 12GB 256GB - (7 đánh giá)', 5, NOW()),
(10, 1, 16, 'Samsung Galaxy A07 4GB 128GB - (3 đánh giá)', 5, NOW()),
(11, 1, 17, 'Samsung Galaxy S26 Ultra 12GB 512GB - (2 đánh giá)', 5, NOW());
